dyad,background,months,task,gesture,count_raw,count,ct_raw,ct,pro_rata,id
b01,Bengali,10,five,reach,5,5,1,1,no,3
b01,Bengali,10,five,point,0,0,0,0,no,2
b01,Bengali,10,five,ho_gv,0,0,0,0,no,1
b01,Bengali,10,tp1,reach,0,0,0,0,no,6
b01,Bengali,10,tp1,point,0,0,0,0,no,5
b01,Bengali,10,tp1,ho_gv,0,0,0,0,no,4
b01,Bengali,10,tp2,reach,0,0,0,0,no,9
b01,Bengali,10,tp2,point,0,0,0,0,no,8
b01,Bengali,10,tp2,ho_gv,0,0,0,0,no,7
b01,Bengali,11,five,reach,7,8,3,3,yes,3
b01,Bengali,11,five,point,1,1,0,0,yes,2
b01,Bengali,11,five,ho_gv,0,0,0,0,yes,1
b01,Bengali,11,tp1,reach,0,0,0,0,no,6
b01,Bengali,11,tp1,point,0,0,0,0,no,5
b01,Bengali,11,tp1,ho_gv,0,0,0,0,no,4
b01,Bengali,11,tp2,reach,0,0,0,0,no,9
b01,Bengali,11,tp2,point,0,0,0,0,no,8
b01,Bengali,11,tp2,ho_gv,0,0,0,0,no,7
b01,Bengali,12,five,reach,0,0,0,0,no,3
b01,Bengali,12,five,point,0,0,0,0,no,2
b01,Bengali,12,five,ho_gv,0,0,0,0,no,1
b01,Bengali,12,tp1,reach,0,0,0,0,no,6
b01,Bengali,12,tp1,point,0,0,0,0,no,5
b01,Bengali,12,tp1,ho_gv,1,1,0,0,no,4
b01,Bengali,12,tp2,reach,0,0,0,0,no,9
b01,Bengali,12,tp2,point,0,0,0,0,no,8
b01,Bengali,12,tp2,ho_gv,2,2,0,0,no,7
b02,Bengali,10,five,reach,2,2,0,0,no,12
b02,Bengali,10,five,point,1,1,0,0,no,11
b02,Bengali,10,five,ho_gv,0,0,0,0,no,10
b02,Bengali,10,tp1,reach,0,0,0,0,no,15
b02,Bengali,10,tp1,point,0,0,0,0,no,14
b02,Bengali,10,tp1,ho_gv,0,0,0,0,no,13
b02,Bengali,10,tp2,reach,0,0,0,0,no,18
b02,Bengali,10,tp2,point,0,0,0,0,no,17
b02,Bengali,10,tp2,ho_gv,1,1,0,0,no,16
b02,Bengali,11,five,reach,2,2,1,1,no,12
b02,Bengali,11,five,point,2,2,0,0,no,11
b02,Bengali,11,five,ho_gv,0,0,0,0,no,10
b02,Bengali,11,tp1,reach,0,0,0,0,no,15
b02,Bengali,11,tp1,point,0,0,0,0,no,14
b02,Bengali,11,tp1,ho_gv,4,4,0,0,no,13
b02,Bengali,11,tp2,reach,0,0,0,0,no,18
b02,Bengali,11,tp2,point,0,0,0,0,no,17
b02,Bengali,11,tp2,ho_gv,10,10,0,0,no,16
b02,Bengali,12,five,reach,3,3,0,0,no,12
b02,Bengali,12,five,point,0,0,0,0,no,11
b02,Bengali,12,five,ho_gv,0,0,0,0,no,10
b02,Bengali,12,tp1,reach,0,0,0,0,no,15
b02,Bengali,12,tp1,point,0,0,0,0,no,14
b02,Bengali,12,tp1,ho_gv,6,6,0,0,no,13
b02,Bengali,12,tp2,reach,0,0,0,0,no,18
b02,Bengali,12,tp2,point,0,0,0,0,no,17
b02,Bengali,12,tp2,ho_gv,5,5,0,0,no,16
b03,Bengali,10,five,reach,4,4,0,0,no,21
b03,Bengali,10,five,point,0,0,0,0,no,20
b03,Bengali,10,five,ho_gv,0,0,0,0,no,19
b03,Bengali,10,tp1,reach,0,0,0,0,no,24
b03,Bengali,10,tp1,point,0,0,0,0,no,23
b03,Bengali,10,tp1,ho_gv,8,8,0,0,no,22
b03,Bengali,10,tp2,reach,0,0,0,0,no,27
b03,Bengali,10,tp2,point,0,0,0,0,no,26
b03,Bengali,10,tp2,ho_gv,0,0,0,0,no,25
b03,Bengali,11,five,reach,6,6,0,0,no,21
b03,Bengali,11,five,point,1,1,0,0,no,20
b03,Bengali,11,five,ho_gv,0,0,0,0,no,19
b03,Bengali,11,tp1,reach,0,0,0,0,no,24
b03,Bengali,11,tp1,point,0,0,0,0,no,23
b03,Bengali,11,tp1,ho_gv,5,5,0,0,no,22
b03,Bengali,11,tp2,reach,0,0,0,0,no,27
b03,Bengali,11,tp2,point,0,0,0,0,no,26
b03,Bengali,11,tp2,ho_gv,3,3,0,0,no,25
b03,Bengali,12,five,reach,4,6,0,0,yes,21
b03,Bengali,12,five,point,0,0,0,0,yes,20
b03,Bengali,12,five,ho_gv,0,0,0,0,yes,19
b03,Bengali,12,tp1,reach,0,0,0,0,no,24
b03,Bengali,12,tp1,point,0,0,0,0,no,23
b03,Bengali,12,tp1,ho_gv,4,4,0,0,no,22
b03,Bengali,12,tp2,reach,0,0,0,0,no,27
b03,Bengali,12,tp2,point,0,0,0,0,no,26
b03,Bengali,12,tp2,ho_gv,6,6,0,0,no,25
b04,Bengali,10,five,reach,0,0,0,0,no,30
b04,Bengali,10,five,point,0,0,0,0,no,29
b04,Bengali,10,five,ho_gv,0,0,0,0,no,28
b04,Bengali,10,tp1,reach,0,0,0,0,no,33
b04,Bengali,10,tp1,point,0,0,0,0,no,32
b04,Bengali,10,tp1,ho_gv,3,3,1,1,no,31
b04,Bengali,10,tp2,reach,0,0,0,0,no,36
b04,Bengali,10,tp2,point,0,0,0,0,no,35
b04,Bengali,10,tp2,ho_gv,4,4,0,0,no,34
b04,Bengali,11,five,reach,9,9,3,3,no,30
b04,Bengali,11,five,point,0,0,0,0,no,29
b04,Bengali,11,five,ho_gv,0,0,0,0,no,28
b04,Bengali,11,tp1,reach,0,0,0,0,no,33
b04,Bengali,11,tp1,point,0,0,0,0,no,32
b04,Bengali,11,tp1,ho_gv,9,9,2,2,no,31
b04,Bengali,11,tp2,reach,0,0,0,0,yes,36
b04,Bengali,11,tp2,point,0,0,0,0,yes,35
b04,Bengali,11,tp2,ho_gv,3,3,3,3,yes,34
b04,Bengali,12,five,reach,5,5,1,1,no,30
b04,Bengali,12,five,point,3,3,2,2,no,29
b04,Bengali,12,five,ho_gv,0,0,0,0,no,28
b04,Bengali,12,tp1,reach,0,0,0,0,no,33
b04,Bengali,12,tp1,point,1,1,1,1,no,32
b04,Bengali,12,tp1,ho_gv,9,9,3,3,no,31
b04,Bengali,12,tp2,reach,0,0,0,0,no,36
b04,Bengali,12,tp2,point,1,1,0,0,no,35
b04,Bengali,12,tp2,ho_gv,3,3,0,0,no,34
b05,Bengali,10,five,reach,4,4,0,0,no,39
b05,Bengali,10,five,point,0,0,0,0,no,38
b05,Bengali,10,five,ho_gv,0,0,0,0,no,37
b05,Bengali,10,tp1,reach,0,0,0,0,no,42
b05,Bengali,10,tp1,point,0,0,0,0,no,41
b05,Bengali,10,tp1,ho_gv,0,0,0,0,no,40
b05,Bengali,10,tp2,reach,0,0,0,0,no,45
b05,Bengali,10,tp2,point,0,0,0,0,no,44
b05,Bengali,10,tp2,ho_gv,0,0,0,0,no,43
b05,Bengali,11,five,reach,3,3,0,0,no,39
b05,Bengali,11,five,point,3,3,0,0,no,38
b05,Bengali,11,five,ho_gv,0,0,0,0,no,37
b05,Bengali,11,tp1,reach,0,0,0,0,no,42
b05,Bengali,11,tp1,point,0,0,0,0,no,41
b05,Bengali,11,tp1,ho_gv,1,1,0,0,no,40
b05,Bengali,11,tp2,reach,0,0,0,0,no,45
b05,Bengali,11,tp2,point,0,0,0,0,no,44
b05,Bengali,11,tp2,ho_gv,6,6,3,3,no,43
b05,Bengali,12,five,reach,1,1,0,0,no,39
b05,Bengali,12,five,point,5,5,3,3,no,38
b05,Bengali,12,five,ho_gv,0,0,0,0,no,37
b05,Bengali,12,tp1,reach,1,1,0,0,no,42
b05,Bengali,12,tp1,point,0,0,0,0,no,41
b05,Bengali,12,tp1,ho_gv,1,1,0,0,no,40
b05,Bengali,12,tp2,reach,0,0,0,0,no,45
b05,Bengali,12,tp2,point,0,0,0,0,no,44
b05,Bengali,12,tp2,ho_gv,8,8,1,1,no,43
b06,Bengali,10,five,reach,1,1,0,0,no,48
b06,Bengali,10,five,point,0,0,0,0,no,47
b06,Bengali,10,five,ho_gv,0,0,0,0,no,46
b06,Bengali,10,tp1,reach,0,0,0,0,no,51
b06,Bengali,10,tp1,point,0,0,0,0,no,50
b06,Bengali,10,tp1,ho_gv,4,4,1,1,no,49
b06,Bengali,10,tp2,reach,0,0,0,0,no,54
b06,Bengali,10,tp2,point,0,0,0,0,no,53
b06,Bengali,10,tp2,ho_gv,3,3,1,1,no,52
b06,Bengali,11,five,reach,2,2,0,0,no,48
b06,Bengali,11,five,point,0,0,0,0,no,47
b06,Bengali,11,five,ho_gv,0,0,0,0,no,46
b06,Bengali,11,tp1,reach,0,0,0,0,no,51
b06,Bengali,11,tp1,point,0,0,0,0,no,50
b06,Bengali,11,tp1,ho_gv,4,4,1,1,no,49
b06,Bengali,11,tp2,reach,0,0,0,0,no,54
b06,Bengali,11,tp2,point,0,0,0,0,no,53
b06,Bengali,11,tp2,ho_gv,0,0,0,0,no,52
b06,Bengali,12,five,reach,0,0,0,0,no,48
b06,Bengali,12,five,point,0,0,0,0,no,47
b06,Bengali,12,five,ho_gv,0,0,0,0,no,46
b06,Bengali,12,tp1,reach,0,0,0,0,no,51
b06,Bengali,12,tp1,point,0,0,0,0,no,50
b06,Bengali,12,tp1,ho_gv,10,10,0,0,no,49
b06,Bengali,12,tp2,reach,0,0,0,0,no,54
b06,Bengali,12,tp2,point,0,0,0,0,no,53
b06,Bengali,12,tp2,ho_gv,0,0,0,0,no,52
b07,Bengali,10,five,reach,2,2,1,1,no,57
b07,Bengali,10,five,point,0,0,0,0,no,56
b07,Bengali,10,five,ho_gv,0,0,0,0,no,55
b07,Bengali,10,tp1,reach,0,0,0,0,no,60
b07,Bengali,10,tp1,point,0,0,0,0,no,59
b07,Bengali,10,tp1,ho_gv,0,0,0,0,no,58
b07,Bengali,10,tp2,reach,0,0,0,0,no,63
b07,Bengali,10,tp2,point,0,0,0,0,no,62
b07,Bengali,10,tp2,ho_gv,0,0,0,0,no,61
b07,Bengali,11,five,reach,3,3,1,1,no,57
b07,Bengali,11,five,point,2,2,0,0,no,56
b07,Bengali,11,five,ho_gv,0,0,0,0,no,55
b07,Bengali,11,tp1,reach,0,0,0,0,no,60
b07,Bengali,11,tp1,point,0,0,0,0,no,59
b07,Bengali,11,tp1,ho_gv,1,1,0,0,no,58
b07,Bengali,11,tp2,reach,0,0,0,0,no,63
b07,Bengali,11,tp2,point,0,0,0,0,no,62
b07,Bengali,11,tp2,ho_gv,0,0,0,0,no,61
b07,Bengali,12,five,reach,2,2,0,0,no,57
b07,Bengali,12,five,point,5,5,3,3,no,56
b07,Bengali,12,five,ho_gv,0,0,0,0,no,55
b07,Bengali,12,tp1,reach,0,0,0,0,no,60
b07,Bengali,12,tp1,point,0,0,0,0,no,59
b07,Bengali,12,tp1,ho_gv,0,0,0,0,no,58
b07,Bengali,12,tp2,reach,0,0,0,0,no,63
b07,Bengali,12,tp2,point,0,0,0,0,no,62
b07,Bengali,12,tp2,ho_gv,1,1,0,0,no,61
b08,Bengali,10,five,reach,3,4,0,0,yes,66
b08,Bengali,10,five,point,0,0,0,0,yes,65
b08,Bengali,10,five,ho_gv,0,0,0,0,yes,64
b08,Bengali,10,tp1,reach,0,0,0,0,no,69
b08,Bengali,10,tp1,point,0,0,0,0,no,68
b08,Bengali,10,tp1,ho_gv,0,0,0,0,no,67
b08,Bengali,10,tp2,reach,0,0,0,0,no,72
b08,Bengali,10,tp2,point,0,0,0,0,no,71
b08,Bengali,10,tp2,ho_gv,3,3,0,0,no,70
b08,Bengali,11,five,reach,6,6,1,1,no,66
b08,Bengali,11,five,point,0,0,0,0,no,65
b08,Bengali,11,five,ho_gv,0,0,0,0,no,64
b08,Bengali,11,tp1,reach,0,0,0,0,no,69
b08,Bengali,11,tp1,point,0,0,0,0,no,68
b08,Bengali,11,tp1,ho_gv,8,8,5,5,no,67
b08,Bengali,11,tp2,reach,0,0,0,0,no,72
b08,Bengali,11,tp2,point,0,0,0,0,no,71
b08,Bengali,11,tp2,ho_gv,5,5,2,2,no,70
b08,Bengali,12,five,reach,10,10,1,1,no,66
b08,Bengali,12,five,point,0,0,0,0,no,65
b08,Bengali,12,five,ho_gv,0,0,0,0,no,64
b08,Bengali,12,tp1,reach,0,0,0,0,no,69
b08,Bengali,12,tp1,point,0,0,0,0,no,68
b08,Bengali,12,tp1,ho_gv,1,1,0,0,no,67
b08,Bengali,12,tp2,reach,0,0,0,0,no,72
b08,Bengali,12,tp2,point,0,0,0,0,no,71
b08,Bengali,12,tp2,ho_gv,0,0,0,0,no,70
b09,Bengali,10,five,reach,5,5,0,0,no,75
b09,Bengali,10,five,point,0,0,0,0,no,74
b09,Bengali,10,five,ho_gv,0,0,0,0,no,73
b09,Bengali,10,tp1,reach,0,0,0,0,no,78
b09,Bengali,10,tp1,point,0,0,0,0,no,77
b09,Bengali,10,tp1,ho_gv,3,3,2,2,no,76
b09,Bengali,10,tp2,reach,0,0,0,0,no,81
b09,Bengali,10,tp2,point,0,0,0,0,no,80
b09,Bengali,10,tp2,ho_gv,0,0,0,0,no,79
b09,Bengali,11,five,reach,2,2,0,0,no,75
b09,Bengali,11,five,point,2,2,0,0,no,74
b09,Bengali,11,five,ho_gv,0,0,0,0,no,73
b09,Bengali,11,tp1,reach,0,0,0,0,no,78
b09,Bengali,11,tp1,point,0,0,0,0,no,77
b09,Bengali,11,tp1,ho_gv,2,2,0,0,no,76
b09,Bengali,11,tp2,reach,0,0,0,0,no,81
b09,Bengali,11,tp2,point,0,0,0,0,no,80
b09,Bengali,11,tp2,ho_gv,0,0,0,0,no,79
b09,Bengali,12,five,reach,3,3,0,0,no,75
b09,Bengali,12,five,point,4,4,0,0,no,74
b09,Bengali,12,five,ho_gv,0,0,0,0,no,73
b09,Bengali,12,tp1,reach,0,0,0,0,no,78
b09,Bengali,12,tp1,point,0,0,0,0,no,77
b09,Bengali,12,tp1,ho_gv,3,3,0,0,no,76
b09,Bengali,12,tp2,reach,0,0,0,0,no,81
b09,Bengali,12,tp2,point,0,0,0,0,no,80
b09,Bengali,12,tp2,ho_gv,2,2,0,0,no,79
b10,Bengali,10,five,reach,2,2,0,0,no,84
b10,Bengali,10,five,point,0,0,0,0,no,83
b10,Bengali,10,five,ho_gv,0,0,0,0,no,82
b10,Bengali,10,tp1,reach,0,0,0,0,no,87
b10,Bengali,10,tp1,point,0,0,0,0,no,86
b10,Bengali,10,tp1,ho_gv,0,0,0,0,no,85
b10,Bengali,10,tp2,reach,0,0,0,0,no,90
b10,Bengali,10,tp2,point,0,0,0,0,no,89
b10,Bengali,10,tp2,ho_gv,0,0,0,0,no,88
b10,Bengali,11,five,reach,0,0,0,0,no,84
b10,Bengali,11,five,point,0,0,0,0,no,83
b10,Bengali,11,five,ho_gv,0,0,0,0,no,82
b10,Bengali,11,tp1,reach,0,0,0,0,no,87
b10,Bengali,11,tp1,point,0,0,0,0,no,86
b10,Bengali,11,tp1,ho_gv,1,1,0,0,no,85
b10,Bengali,11,tp2,reach,0,0,0,0,no,90
b10,Bengali,11,tp2,point,0,0,0,0,no,89
b10,Bengali,11,tp2,ho_gv,0,0,0,0,no,88
b10,Bengali,12,five,reach,2,2,0,0,no,84
b10,Bengali,12,five,point,0,0,0,0,no,83
b10,Bengali,12,five,ho_gv,0,0,0,0,no,82
b10,Bengali,12,tp1,reach,0,0,0,0,no,87
b10,Bengali,12,tp1,point,0,0,0,0,no,86
b10,Bengali,12,tp1,ho_gv,3,3,0,0,no,85
b10,Bengali,12,tp2,reach,0,0,0,0,no,90
b10,Bengali,12,tp2,point,0,0,0,0,no,89
b10,Bengali,12,tp2,ho_gv,5,5,0,0,no,88
b11,Bengali,10,five,reach,6,6,2,2,no,93
b11,Bengali,10,five,point,0,0,0,0,no,92
b11,Bengali,10,five,ho_gv,0,0,0,0,no,91
b11,Bengali,10,tp1,reach,2,2,0,0,no,96
b11,Bengali,10,tp1,point,0,0,0,0,no,95
b11,Bengali,10,tp1,ho_gv,0,0,0,0,no,94
b11,Bengali,10,tp2,reach,0,0,0,0,no,99
b11,Bengali,10,tp2,point,0,0,0,0,no,98
b11,Bengali,10,tp2,ho_gv,0,0,0,0,no,97
b11,Bengali,11,five,reach,2,2,0,0,no,93
b11,Bengali,11,five,point,9,9,3,3,no,92
b11,Bengali,11,five,ho_gv,0,0,0,0,no,91
b11,Bengali,11,tp1,reach,0,0,0,0,no,96
b11,Bengali,11,tp1,point,0,0,0,0,no,95
b11,Bengali,11,tp1,ho_gv,4,4,0,0,no,94
b11,Bengali,11,tp2,reach,0,0,0,0,no,99
b11,Bengali,11,tp2,point,0,0,0,0,no,98
b11,Bengali,11,tp2,ho_gv,4,4,0,0,no,97
b11,Bengali,12,five,reach,11,11,1,1,no,93
b11,Bengali,12,five,point,2,2,1,1,no,92
b11,Bengali,12,five,ho_gv,0,0,0,0,no,91
b11,Bengali,12,tp1,reach,0,0,0,0,no,96
b11,Bengali,12,tp1,point,0,0,0,0,no,95
b11,Bengali,12,tp1,ho_gv,9,9,1,1,no,94
b11,Bengali,12,tp2,reach,0,0,0,0,no,99
b11,Bengali,12,tp2,point,0,0,0,0,no,98
b11,Bengali,12,tp2,ho_gv,15,15,2,2,no,97
b12,Bengali,10,five,reach,2,2,0,0,no,102
b12,Bengali,10,five,point,0,0,0,0,no,101
b12,Bengali,10,five,ho_gv,0,0,0,0,no,100
b12,Bengali,10,tp1,reach,0,0,0,0,no,105
b12,Bengali,10,tp1,point,0,0,0,0,no,104
b12,Bengali,10,tp1,ho_gv,0,0,0,0,no,103
b12,Bengali,10,tp2,reach,0,0,0,0,no,108
b12,Bengali,10,tp2,point,0,0,0,0,no,107
b12,Bengali,10,tp2,ho_gv,0,0,0,0,no,106
b12,Bengali,11,five,reach,4,4,1,1,no,102
b12,Bengali,11,five,point,12,12,2,2,no,101
b12,Bengali,11,five,ho_gv,0,0,0,0,no,100
b12,Bengali,11,tp1,reach,0,0,0,0,no,105
b12,Bengali,11,tp1,point,6,6,1,1,no,104
b12,Bengali,11,tp1,ho_gv,16,16,0,0,no,103
b12,Bengali,11,tp2,reach,0,0,0,0,no,108
b12,Bengali,11,tp2,point,0,0,0,0,no,107
b12,Bengali,11,tp2,ho_gv,17,17,1,1,no,106
b12,Bengali,12,five,reach,2,2,NA,NA,no,102
b12,Bengali,12,five,point,8,8,NA,NA,no,101
b12,Bengali,12,five,ho_gv,0,0,NA,NA,no,100
b12,Bengali,12,tp1,reach,1,1,0,0,no,105
b12,Bengali,12,tp1,point,3,3,0,0,no,104
b12,Bengali,12,tp1,ho_gv,6,6,0,0,no,103
b12,Bengali,12,tp2,reach,0,0,0,0,yes,108
b12,Bengali,12,tp2,point,0,0,0,0,yes,107
b12,Bengali,12,tp2,ho_gv,3,4,0,0,yes,106
b13,Bengali,10,five,reach,9,10,0,0,yes,111
b13,Bengali,10,five,point,1,2,0,0,yes,110
b13,Bengali,10,five,ho_gv,0,0,0,0,yes,109
b13,Bengali,10,tp1,reach,0,0,0,0,no,114
b13,Bengali,10,tp1,point,0,0,0,0,no,113
b13,Bengali,10,tp1,ho_gv,1,1,0,0,no,112
b13,Bengali,10,tp2,reach,0,0,0,0,no,117
b13,Bengali,10,tp2,point,0,0,0,0,no,116
b13,Bengali,10,tp2,ho_gv,0,0,0,0,no,115
b13,Bengali,11,five,reach,10,10,0,0,no,111
b13,Bengali,11,five,point,0,0,0,0,no,110
b13,Bengali,11,five,ho_gv,0,0,0,0,no,109
b13,Bengali,11,tp1,reach,0,0,0,0,no,114
b13,Bengali,11,tp1,point,0,0,0,0,no,113
b13,Bengali,11,tp1,ho_gv,5,5,0,0,no,112
b13,Bengali,11,tp2,reach,0,0,0,0,no,117
b13,Bengali,11,tp2,point,0,0,0,0,no,116
b13,Bengali,11,tp2,ho_gv,0,0,0,0,no,115
b13,Bengali,12,five,reach,3,3,0,0,no,111
b13,Bengali,12,five,point,1,1,0,0,no,110
b13,Bengali,12,five,ho_gv,0,0,0,0,no,109
b13,Bengali,12,tp1,reach,0,0,0,0,no,114
b13,Bengali,12,tp1,point,3,3,0,0,no,113
b13,Bengali,12,tp1,ho_gv,11,11,0,0,no,112
b13,Bengali,12,tp2,reach,0,0,0,0,no,117
b13,Bengali,12,tp2,point,0,0,0,0,no,116
b13,Bengali,12,tp2,ho_gv,10,10,0,0,no,115
b14,Bengali,10,five,reach,1,1,0,0,no,120
b14,Bengali,10,five,point,0,0,0,0,no,119
b14,Bengali,10,five,ho_gv,0,0,0,0,no,118
b14,Bengali,10,tp1,reach,0,0,0,0,no,123
b14,Bengali,10,tp1,point,0,0,0,0,no,122
b14,Bengali,10,tp1,ho_gv,0,0,0,0,no,121
b14,Bengali,10,tp2,reach,0,0,0,0,no,126
b14,Bengali,10,tp2,point,0,0,0,0,no,125
b14,Bengali,10,tp2,ho_gv,0,0,0,0,no,124
b14,Bengali,11,five,reach,7,7,0,0,no,120
b14,Bengali,11,five,point,19,19,3,3,no,119
b14,Bengali,11,five,ho_gv,0,0,0,0,no,118
b14,Bengali,11,tp1,reach,0,0,0,0,no,123
b14,Bengali,11,tp1,point,0,0,0,0,no,122
b14,Bengali,11,tp1,ho_gv,0,0,0,0,no,121
b14,Bengali,11,tp2,reach,0,0,0,0,no,126
b14,Bengali,11,tp2,point,0,0,0,0,no,125
b14,Bengali,11,tp2,ho_gv,3,3,0,0,no,124
b14,Bengali,12,five,reach,4,4,0,0,no,120
b14,Bengali,12,five,point,3,3,0,0,no,119
b14,Bengali,12,five,ho_gv,0,0,0,0,no,118
b14,Bengali,12,tp1,reach,0,0,0,0,no,123
b14,Bengali,12,tp1,point,0,0,0,0,no,122
b14,Bengali,12,tp1,ho_gv,12,12,0,0,no,121
b14,Bengali,12,tp2,reach,0,0,0,0,no,126
b14,Bengali,12,tp2,point,0,0,0,0,no,125
b14,Bengali,12,tp2,ho_gv,12,12,0,0,no,124
b15,Bengali,10,five,reach,0,0,0,0,no,129
b15,Bengali,10,five,point,0,0,0,0,no,128
b15,Bengali,10,five,ho_gv,0,0,0,0,no,127
b15,Bengali,10,tp1,reach,1,1,0,0,no,132
b15,Bengali,10,tp1,point,0,0,0,0,no,131
b15,Bengali,10,tp1,ho_gv,3,3,0,0,no,130
b15,Bengali,10,tp2,reach,0,0,0,0,no,135
b15,Bengali,10,tp2,point,0,0,0,0,no,134
b15,Bengali,10,tp2,ho_gv,2,2,0,0,no,133
b15,Bengali,11,five,reach,0,0,0,0,no,129
b15,Bengali,11,five,point,1,1,0,0,no,128
b15,Bengali,11,five,ho_gv,0,0,0,0,no,127
b15,Bengali,11,tp1,reach,0,0,0,0,no,132
b15,Bengali,11,tp1,point,0,0,0,0,no,131
b15,Bengali,11,tp1,ho_gv,11,11,0,0,no,130
b15,Bengali,11,tp2,reach,0,0,0,0,no,135
b15,Bengali,11,tp2,point,0,0,0,0,no,134
b15,Bengali,11,tp2,ho_gv,3,3,0,0,no,133
b15,Bengali,12,five,reach,3,3,0,0,no,129
b15,Bengali,12,five,point,1,1,0,0,no,128
b15,Bengali,12,five,ho_gv,0,0,0,0,no,127
b15,Bengali,12,tp1,reach,0,0,0,0,no,132
b15,Bengali,12,tp1,point,0,0,0,0,no,131
b15,Bengali,12,tp1,ho_gv,22,22,0,0,no,130
b15,Bengali,12,tp2,reach,0,0,0,0,no,135
b15,Bengali,12,tp2,point,0,0,0,0,no,134
b15,Bengali,12,tp2,ho_gv,5,5,0,0,no,133
b16,Bengali,10,five,reach,4,4,0,0,no,138
b16,Bengali,10,five,point,15,15,0,0,no,137
b16,Bengali,10,five,ho_gv,0,0,0,0,no,136
b16,Bengali,10,tp1,reach,0,0,0,0,no,141
b16,Bengali,10,tp1,point,0,0,0,0,no,140
b16,Bengali,10,tp1,ho_gv,1,1,0,0,no,139
b16,Bengali,10,tp2,reach,0,0,0,0,no,144
b16,Bengali,10,tp2,point,0,0,0,0,no,143
b16,Bengali,10,tp2,ho_gv,2,2,0,0,no,142
b16,Bengali,11,five,reach,16,16,1,1,no,138
b16,Bengali,11,five,point,5,5,0,0,no,137
b16,Bengali,11,five,ho_gv,0,0,0,0,no,136
b16,Bengali,11,tp1,reach,0,0,0,0,no,141
b16,Bengali,11,tp1,point,0,0,0,0,no,140
b16,Bengali,11,tp1,ho_gv,4,4,0,0,no,139
b16,Bengali,11,tp2,reach,0,0,0,0,no,144
b16,Bengali,11,tp2,point,0,0,0,0,no,143
b16,Bengali,11,tp2,ho_gv,1,1,0,0,no,142
b16,Bengali,12,five,reach,1,1,0,0,no,138
b16,Bengali,12,five,point,9,9,0,0,no,137
b16,Bengali,12,five,ho_gv,0,0,0,0,no,136
b16,Bengali,12,tp1,reach,0,0,0,0,no,141
b16,Bengali,12,tp1,point,0,0,0,0,no,140
b16,Bengali,12,tp1,ho_gv,3,3,0,0,no,139
b16,Bengali,12,tp2,reach,0,0,0,0,no,144
b16,Bengali,12,tp2,point,0,0,0,0,no,143
b16,Bengali,12,tp2,ho_gv,2,2,0,0,no,142
b17,Bengali,10,five,reach,0,0,0,0,no,147
b17,Bengali,10,five,point,0,0,0,0,no,146
b17,Bengali,10,five,ho_gv,0,0,0,0,no,145
b17,Bengali,10,tp1,reach,0,0,0,0,no,150
b17,Bengali,10,tp1,point,0,0,0,0,no,149
b17,Bengali,10,tp1,ho_gv,1,1,0,0,no,148
b17,Bengali,10,tp2,reach,0,0,0,0,no,153
b17,Bengali,10,tp2,point,0,0,0,0,no,152
b17,Bengali,10,tp2,ho_gv,1,1,0,0,no,151
b17,Bengali,11,five,reach,NA,NA,0,0,no,147
b17,Bengali,11,five,point,NA,NA,0,0,no,146
b17,Bengali,11,five,ho_gv,NA,NA,0,0,no,145
b17,Bengali,11,tp1,reach,0,0,0,0,no,150
b17,Bengali,11,tp1,point,0,0,0,0,no,149
b17,Bengali,11,tp1,ho_gv,0,0,0,0,no,148
b17,Bengali,11,tp2,reach,NA,NA,0,0,no,153
b17,Bengali,11,tp2,point,NA,NA,0,0,no,152
b17,Bengali,11,tp2,ho_gv,NA,NA,0,0,no,151
b17,Bengali,12,five,reach,3,3,0,0,no,147
b17,Bengali,12,five,point,0,0,0,0,no,146
b17,Bengali,12,five,ho_gv,0,0,0,0,no,145
b17,Bengali,12,tp1,reach,0,0,0,0,no,150
b17,Bengali,12,tp1,point,0,0,0,0,no,149
b17,Bengali,12,tp1,ho_gv,0,0,0,0,no,148
b17,Bengali,12,tp2,reach,0,0,0,0,no,153
b17,Bengali,12,tp2,point,0,0,0,0,no,152
b17,Bengali,12,tp2,ho_gv,0,0,0,0,no,151
b18,Bengali,10,five,reach,2,2,0,0,no,156
b18,Bengali,10,five,point,1,1,0,0,no,155
b18,Bengali,10,five,ho_gv,0,0,0,0,no,154
b18,Bengali,10,tp1,reach,0,0,0,0,no,159
b18,Bengali,10,tp1,point,0,0,0,0,no,158
b18,Bengali,10,tp1,ho_gv,3,3,0,0,no,157
b18,Bengali,10,tp2,reach,0,0,0,0,no,162
b18,Bengali,10,tp2,point,0,0,0,0,no,161
b18,Bengali,10,tp2,ho_gv,3,3,0,0,no,160
b18,Bengali,11,five,reach,5,5,0,0,yes,156
b18,Bengali,11,five,point,2,2,0,0,yes,155
b18,Bengali,11,five,ho_gv,0,0,0,0,yes,154
b18,Bengali,11,tp1,reach,0,0,0,0,no,159
b18,Bengali,11,tp1,point,0,0,0,0,no,158
b18,Bengali,11,tp1,ho_gv,0,0,0,0,no,157
b18,Bengali,11,tp2,reach,0,0,0,0,no,162
b18,Bengali,11,tp2,point,0,0,0,0,no,161
b18,Bengali,11,tp2,ho_gv,4,4,0,0,no,160
b18,Bengali,12,five,reach,8,8,0,0,no,156
b18,Bengali,12,five,point,0,0,0,0,no,155
b18,Bengali,12,five,ho_gv,0,0,0,0,no,154
b18,Bengali,12,tp1,reach,0,0,0,0,no,159
b18,Bengali,12,tp1,point,0,0,0,0,no,158
b18,Bengali,12,tp1,ho_gv,12,12,0,0,no,157
b18,Bengali,12,tp2,reach,0,0,0,0,no,162
b18,Bengali,12,tp2,point,0,0,0,0,no,161
b18,Bengali,12,tp2,ho_gv,13,13,0,0,no,160
b19,Bengali,10,five,reach,3,3,0,0,no,165
b19,Bengali,10,five,point,0,0,0,0,no,164
b19,Bengali,10,five,ho_gv,0,0,0,0,no,163
b19,Bengali,10,tp1,reach,0,0,0,0,no,168
b19,Bengali,10,tp1,point,0,0,0,0,no,167
b19,Bengali,10,tp1,ho_gv,0,0,0,0,no,166
b19,Bengali,10,tp2,reach,0,0,0,0,no,171
b19,Bengali,10,tp2,point,0,0,0,0,no,170
b19,Bengali,10,tp2,ho_gv,0,0,0,0,no,169
b19,Bengali,11,five,reach,0,0,0,0,no,165
b19,Bengali,11,five,point,0,0,0,0,no,164
b19,Bengali,11,five,ho_gv,0,0,0,0,no,163
b19,Bengali,11,tp1,reach,0,0,0,0,no,168
b19,Bengali,11,tp1,point,0,0,0,0,no,167
b19,Bengali,11,tp1,ho_gv,0,0,0,0,no,166
b19,Bengali,11,tp2,reach,0,0,0,0,no,171
b19,Bengali,11,tp2,point,0,0,0,0,no,170
b19,Bengali,11,tp2,ho_gv,0,0,0,0,no,169
b19,Bengali,12,five,reach,1,1,0,0,no,165
b19,Bengali,12,five,point,0,0,0,0,no,164
b19,Bengali,12,five,ho_gv,0,0,0,0,no,163
b19,Bengali,12,tp1,reach,0,0,0,0,no,168
b19,Bengali,12,tp1,point,0,0,0,0,no,167
b19,Bengali,12,tp1,ho_gv,1,1,0,0,no,166
b19,Bengali,12,tp2,reach,0,0,0,0,no,171
b19,Bengali,12,tp2,point,0,0,0,0,no,170
b19,Bengali,12,tp2,ho_gv,2,2,0,0,no,169
b20,Bengali,10,five,reach,1,1,0,0,no,174
b20,Bengali,10,five,point,0,0,0,0,no,173
b20,Bengali,10,five,ho_gv,0,0,0,0,no,172
b20,Bengali,10,tp1,reach,0,0,0,0,no,177
b20,Bengali,10,tp1,point,0,0,0,0,no,176
b20,Bengali,10,tp1,ho_gv,0,0,0,0,no,175
b20,Bengali,10,tp2,reach,0,0,0,0,no,180
b20,Bengali,10,tp2,point,0,0,0,0,no,179
b20,Bengali,10,tp2,ho_gv,7,7,0,0,no,178
b20,Bengali,11,five,reach,1,1,0,0,no,174
b20,Bengali,11,five,point,0,0,0,0,no,173
b20,Bengali,11,five,ho_gv,0,0,0,0,no,172
b20,Bengali,11,tp1,reach,0,0,0,0,no,177
b20,Bengali,11,tp1,point,0,0,0,0,no,176
b20,Bengali,11,tp1,ho_gv,0,0,0,0,no,175
b20,Bengali,11,tp2,reach,0,0,0,0,no,180
b20,Bengali,11,tp2,point,0,0,0,0,no,179
b20,Bengali,11,tp2,ho_gv,2,2,0,0,no,178
b20,Bengali,12,five,reach,0,0,0,0,no,174
b20,Bengali,12,five,point,0,0,0,0,no,173
b20,Bengali,12,five,ho_gv,0,0,0,0,no,172
b20,Bengali,12,tp1,reach,0,0,0,0,no,177
b20,Bengali,12,tp1,point,0,0,0,0,no,176
b20,Bengali,12,tp1,ho_gv,6,6,0,0,no,175
b20,Bengali,12,tp2,reach,0,0,0,0,no,180
b20,Bengali,12,tp2,point,0,0,0,0,no,179
b20,Bengali,12,tp2,ho_gv,0,0,0,0,no,178
c01,Chinese,10,five,reach,1,5,0,0,yes,183
c01,Chinese,10,five,point,0,0,0,0,yes,182
c01,Chinese,10,five,ho_gv,0,0,0,0,yes,181
c01,Chinese,10,tp1,reach,0,0,0,0,no,186
c01,Chinese,10,tp1,point,0,0,0,0,no,185
c01,Chinese,10,tp1,ho_gv,0,0,0,0,no,184
c01,Chinese,10,tp2,reach,0,0,0,0,no,189
c01,Chinese,10,tp2,point,0,0,0,0,no,188
c01,Chinese,10,tp2,ho_gv,0,0,0,0,no,187
c01,Chinese,11,five,reach,6,6,1,1,no,183
c01,Chinese,11,five,point,1,1,0,0,no,182
c01,Chinese,11,five,ho_gv,0,0,0,0,no,181
c01,Chinese,11,tp1,reach,0,0,0,0,yes,186
c01,Chinese,11,tp1,point,0,0,0,0,yes,185
c01,Chinese,11,tp1,ho_gv,6,8,0,0,yes,184
c01,Chinese,11,tp2,reach,0,0,0,0,no,189
c01,Chinese,11,tp2,point,0,0,0,0,no,188
c01,Chinese,11,tp2,ho_gv,1,1,1,1,no,187
c01,Chinese,12,five,reach,3,3,1,1,no,183
c01,Chinese,12,five,point,6,6,4,4,no,182
c01,Chinese,12,five,ho_gv,0,0,0,0,no,181
c01,Chinese,12,tp1,reach,0,0,0,0,no,186
c01,Chinese,12,tp1,point,0,0,0,0,no,185
c01,Chinese,12,tp1,ho_gv,4,4,0,0,no,184
c01,Chinese,12,tp2,reach,0,0,0,0,no,189
c01,Chinese,12,tp2,point,0,0,0,0,no,188
c01,Chinese,12,tp2,ho_gv,3,3,0,0,no,187
c02,Chinese,10,five,reach,0,0,0,0,no,192
c02,Chinese,10,five,point,0,0,0,0,no,191
c02,Chinese,10,five,ho_gv,0,0,0,0,no,190
c02,Chinese,10,tp1,reach,0,0,0,0,yes,195
c02,Chinese,10,tp1,point,0,0,0,0,yes,194
c02,Chinese,10,tp1,ho_gv,7,11,0,0,yes,193
c02,Chinese,10,tp2,reach,0,0,0,0,no,198
c02,Chinese,10,tp2,point,0,0,0,0,no,197
c02,Chinese,10,tp2,ho_gv,1,1,0,0,no,196
c02,Chinese,11,five,reach,5,5,0,0,no,192
c02,Chinese,11,five,point,0,0,0,0,no,191
c02,Chinese,11,five,ho_gv,0,0,0,0,no,190
c02,Chinese,11,tp1,reach,1,1,0,0,no,195
c02,Chinese,11,tp1,point,0,0,0,0,no,194
c02,Chinese,11,tp1,ho_gv,25,25,0,0,no,193
c02,Chinese,11,tp2,reach,0,0,0,0,no,198
c02,Chinese,11,tp2,point,0,0,0,0,no,197
c02,Chinese,11,tp2,ho_gv,14,14,1,1,no,196
c02,Chinese,12,five,reach,2,2,0,0,no,192
c02,Chinese,12,five,point,0,0,0,0,no,191
c02,Chinese,12,five,ho_gv,0,0,0,0,no,190
c02,Chinese,12,tp1,reach,0,0,0,0,no,195
c02,Chinese,12,tp1,point,0,0,0,0,no,194
c02,Chinese,12,tp1,ho_gv,28,28,0,0,no,193
c02,Chinese,12,tp2,reach,0,0,0,0,no,198
c02,Chinese,12,tp2,point,0,0,0,0,no,197
c02,Chinese,12,tp2,ho_gv,21,21,0,0,no,196
c03,Chinese,10,five,reach,0,0,0,0,yes,201
c03,Chinese,10,five,point,0,0,0,0,yes,200
c03,Chinese,10,five,ho_gv,0,0,0,0,yes,199
c03,Chinese,10,tp1,reach,0,0,0,0,no,204
c03,Chinese,10,tp1,point,0,0,0,0,no,203
c03,Chinese,10,tp1,ho_gv,0,0,0,0,no,202
c03,Chinese,10,tp2,reach,0,0,0,0,no,207
c03,Chinese,10,tp2,point,0,0,0,0,no,206
c03,Chinese,10,tp2,ho_gv,0,0,0,0,no,205
c03,Chinese,11,five,reach,0,0,0,0,no,201
c03,Chinese,11,five,point,0,0,0,0,no,200
c03,Chinese,11,five,ho_gv,0,0,0,0,no,199
c03,Chinese,11,tp1,reach,0,0,0,0,no,204
c03,Chinese,11,tp1,point,0,0,0,0,no,203
c03,Chinese,11,tp1,ho_gv,4,4,0,0,no,202
c03,Chinese,11,tp2,reach,0,0,0,0,no,207
c03,Chinese,11,tp2,point,0,0,0,0,no,206
c03,Chinese,11,tp2,ho_gv,0,0,0,0,no,205
c03,Chinese,12,five,reach,0,0,0,0,no,201
c03,Chinese,12,five,point,6,6,0,0,no,200
c03,Chinese,12,five,ho_gv,0,0,0,0,no,199
c03,Chinese,12,tp1,reach,0,0,0,0,no,204
c03,Chinese,12,tp1,point,0,0,0,0,no,203
c03,Chinese,12,tp1,ho_gv,4,4,0,0,no,202
c03,Chinese,12,tp2,reach,0,0,0,0,no,207
c03,Chinese,12,tp2,point,0,0,0,0,no,206
c03,Chinese,12,tp2,ho_gv,2,2,0,0,no,205
c04,Chinese,10,five,reach,3,3,0,0,no,210
c04,Chinese,10,five,point,5,5,1,1,no,209
c04,Chinese,10,five,ho_gv,0,0,0,0,no,208
c04,Chinese,10,tp1,reach,0,0,0,0,no,213
c04,Chinese,10,tp1,point,0,0,0,0,no,212
c04,Chinese,10,tp1,ho_gv,1,1,0,0,no,211
c04,Chinese,10,tp2,reach,0,0,0,0,no,216
c04,Chinese,10,tp2,point,0,0,0,0,no,215
c04,Chinese,10,tp2,ho_gv,0,0,0,0,no,214
c04,Chinese,11,five,reach,4,4,1,1,no,210
c04,Chinese,11,five,point,4,4,2,2,no,209
c04,Chinese,11,five,ho_gv,0,0,0,0,no,208
c04,Chinese,11,tp1,reach,0,0,0,0,no,213
c04,Chinese,11,tp1,point,0,0,0,0,no,212
c04,Chinese,11,tp1,ho_gv,5,5,0,0,no,211
c04,Chinese,11,tp2,reach,1,1,0,0,no,216
c04,Chinese,11,tp2,point,1,1,1,1,no,215
c04,Chinese,11,tp2,ho_gv,1,1,0,0,no,214
c04,Chinese,12,five,reach,1,1,1,1,no,210
c04,Chinese,12,five,point,11,11,4,4,no,209
c04,Chinese,12,five,ho_gv,0,0,0,0,no,208
c04,Chinese,12,tp1,reach,1,1,0,0,no,213
c04,Chinese,12,tp1,point,2,2,0,0,no,212
c04,Chinese,12,tp1,ho_gv,28,28,0,0,no,211
c04,Chinese,12,tp2,reach,0,0,0,0,no,216
c04,Chinese,12,tp2,point,0,0,0,0,no,215
c04,Chinese,12,tp2,ho_gv,1,1,0,0,no,214
c05,Chinese,10,five,reach,6,6,3,3,no,219
c05,Chinese,10,five,point,0,0,0,0,no,218
c05,Chinese,10,five,ho_gv,0,0,0,0,no,217
c05,Chinese,10,tp1,reach,0,0,0,0,no,222
c05,Chinese,10,tp1,point,0,0,0,0,no,221
c05,Chinese,10,tp1,ho_gv,0,0,0,0,no,220
c05,Chinese,10,tp2,reach,0,0,0,0,no,225
c05,Chinese,10,tp2,point,0,0,0,0,no,224
c05,Chinese,10,tp2,ho_gv,6,6,1,1,no,223
c05,Chinese,11,five,reach,10,10,6,6,no,219
c05,Chinese,11,five,point,0,0,0,0,no,218
c05,Chinese,11,five,ho_gv,0,0,0,0,no,217
c05,Chinese,11,tp1,reach,0,0,0,0,no,222
c05,Chinese,11,tp1,point,0,0,0,0,no,221
c05,Chinese,11,tp1,ho_gv,7,7,0,0,no,220
c05,Chinese,11,tp2,reach,0,0,0,0,no,225
c05,Chinese,11,tp2,point,0,0,0,0,no,224
c05,Chinese,11,tp2,ho_gv,1,1,0,0,no,223
c05,Chinese,12,five,reach,3,3,2,2,no,219
c05,Chinese,12,five,point,0,0,0,0,no,218
c05,Chinese,12,five,ho_gv,0,0,0,0,no,217
c05,Chinese,12,tp1,reach,0,0,0,0,no,222
c05,Chinese,12,tp1,point,0,0,0,0,no,221
c05,Chinese,12,tp1,ho_gv,0,0,0,0,no,220
c05,Chinese,12,tp2,reach,0,0,0,0,no,225
c05,Chinese,12,tp2,point,0,0,0,0,no,224
c05,Chinese,12,tp2,ho_gv,0,0,0,0,no,223
c06,Chinese,10,five,reach,0,0,0,0,no,228
c06,Chinese,10,five,point,4,4,2,2,no,227
c06,Chinese,10,five,ho_gv,0,0,0,0,no,226
c06,Chinese,10,tp1,reach,0,0,0,0,no,231
c06,Chinese,10,tp1,point,2,2,0,0,no,230
c06,Chinese,10,tp1,ho_gv,1,1,0,0,no,229
c06,Chinese,10,tp2,reach,0,0,0,0,no,234
c06,Chinese,10,tp2,point,0,0,0,0,no,233
c06,Chinese,10,tp2,ho_gv,2,2,0,0,no,232
c06,Chinese,11,five,reach,0,0,0,0,yes,228
c06,Chinese,11,five,point,4,5,1,1,yes,227
c06,Chinese,11,five,ho_gv,1,1,0,0,yes,226
c06,Chinese,11,tp1,reach,0,0,0,0,no,231
c06,Chinese,11,tp1,point,0,0,0,0,no,230
c06,Chinese,11,tp1,ho_gv,2,2,0,0,no,229
c06,Chinese,11,tp2,reach,0,0,0,0,no,234
c06,Chinese,11,tp2,point,2,2,1,1,no,233
c06,Chinese,11,tp2,ho_gv,0,0,0,0,no,232
c06,Chinese,12,five,reach,3,3,3,3,no,228
c06,Chinese,12,five,point,15,15,12,12,no,227
c06,Chinese,12,five,ho_gv,0,0,0,0,no,226
c06,Chinese,12,tp1,reach,0,0,0,0,no,231
c06,Chinese,12,tp1,point,8,8,1,1,no,230
c06,Chinese,12,tp1,ho_gv,0,0,0,0,no,229
c06,Chinese,12,tp2,reach,0,0,0,0,no,234
c06,Chinese,12,tp2,point,5,5,1,1,no,233
c06,Chinese,12,tp2,ho_gv,8,8,0,0,no,232
c07,Chinese,10,five,reach,5,5,2,2,no,237
c07,Chinese,10,five,point,0,0,0,0,no,236
c07,Chinese,10,five,ho_gv,0,0,0,0,no,235
c07,Chinese,10,tp1,reach,0,0,0,0,no,240
c07,Chinese,10,tp1,point,0,0,0,0,no,239
c07,Chinese,10,tp1,ho_gv,0,0,0,0,no,238
c07,Chinese,10,tp2,reach,0,0,0,0,no,243
c07,Chinese,10,tp2,point,0,0,0,0,no,242
c07,Chinese,10,tp2,ho_gv,2,2,0,0,no,241
c07,Chinese,11,five,reach,4,4,0,0,no,237
c07,Chinese,11,five,point,0,0,0,0,no,236
c07,Chinese,11,five,ho_gv,0,0,0,0,no,235
c07,Chinese,11,tp1,reach,0,0,0,0,no,240
c07,Chinese,11,tp1,point,0,0,0,0,no,239
c07,Chinese,11,tp1,ho_gv,0,0,0,0,no,238
c07,Chinese,11,tp2,reach,0,0,0,0,no,243
c07,Chinese,11,tp2,point,0,0,0,0,no,242
c07,Chinese,11,tp2,ho_gv,0,0,0,0,no,241
c07,Chinese,12,five,reach,6,6,1,1,no,237
c07,Chinese,12,five,point,0,0,0,0,no,236
c07,Chinese,12,five,ho_gv,0,0,0,0,no,235
c07,Chinese,12,tp1,reach,0,0,0,0,no,240
c07,Chinese,12,tp1,point,0,0,0,0,no,239
c07,Chinese,12,tp1,ho_gv,0,0,0,0,no,238
c07,Chinese,12,tp2,reach,0,0,0,0,no,243
c07,Chinese,12,tp2,point,0,0,0,0,no,242
c07,Chinese,12,tp2,ho_gv,0,0,0,0,no,241
c08,Chinese,10,five,reach,6,6,2,2,no,246
c08,Chinese,10,five,point,0,0,0,0,no,245
c08,Chinese,10,five,ho_gv,0,0,0,0,no,244
c08,Chinese,10,tp1,reach,0,0,0,0,no,249
c08,Chinese,10,tp1,point,0,0,0,0,no,248
c08,Chinese,10,tp1,ho_gv,6,6,2,2,no,247
c08,Chinese,10,tp2,reach,1,1,0,0,no,252
c08,Chinese,10,tp2,point,0,0,0,0,no,251
c08,Chinese,10,tp2,ho_gv,2,2,0,0,no,250
c08,Chinese,11,five,reach,5,5,2,2,no,246
c08,Chinese,11,five,point,8,8,7,7,no,245
c08,Chinese,11,five,ho_gv,0,0,0,0,no,244
c08,Chinese,11,tp1,reach,0,0,0,0,no,249
c08,Chinese,11,tp1,point,0,0,0,0,no,248
c08,Chinese,11,tp1,ho_gv,17,17,0,0,no,247
c08,Chinese,11,tp2,reach,0,0,0,0,no,252
c08,Chinese,11,tp2,point,1,1,0,0,no,251
c08,Chinese,11,tp2,ho_gv,14,14,3,3,no,250
c08,Chinese,12,five,reach,5,5,2,2,no,246
c08,Chinese,12,five,point,4,4,2,2,no,245
c08,Chinese,12,five,ho_gv,0,0,0,0,no,244
c08,Chinese,12,tp1,reach,0,0,0,0,no,249
c08,Chinese,12,tp1,point,0,0,0,0,no,248
c08,Chinese,12,tp1,ho_gv,6,6,0,0,no,247
c08,Chinese,12,tp2,reach,0,0,0,0,no,252
c08,Chinese,12,tp2,point,0,0,0,0,no,251
c08,Chinese,12,tp2,ho_gv,16,16,3,3,no,250
c09,Chinese,10,five,reach,0,0,0,0,yes,255
c09,Chinese,10,five,point,0,0,0,0,yes,254
c09,Chinese,10,five,ho_gv,0,0,0,0,yes,253
c09,Chinese,10,tp1,reach,0,0,0,0,no,258
c09,Chinese,10,tp1,point,1,1,1,1,no,257
c09,Chinese,10,tp1,ho_gv,7,7,0,0,no,256
c09,Chinese,10,tp2,reach,0,0,0,0,no,261
c09,Chinese,10,tp2,point,0,0,0,0,no,260
c09,Chinese,10,tp2,ho_gv,2,2,0,0,no,259
c09,Chinese,11,five,reach,0,0,0,0,no,255
c09,Chinese,11,five,point,6,6,2,2,no,254
c09,Chinese,11,five,ho_gv,0,0,0,0,no,253
c09,Chinese,11,tp1,reach,0,0,0,0,no,258
c09,Chinese,11,tp1,point,3,3,0,0,no,257
c09,Chinese,11,tp1,ho_gv,2,2,1,1,no,256
c09,Chinese,11,tp2,reach,0,0,0,0,no,261
c09,Chinese,11,tp2,point,5,5,0,0,no,260
c09,Chinese,11,tp2,ho_gv,1,1,0,0,no,259
c09,Chinese,12,five,reach,0,0,0,0,yes,255
c09,Chinese,12,five,point,15,18,7,8,yes,254
c09,Chinese,12,five,ho_gv,0,0,0,0,yes,253
c09,Chinese,12,tp1,reach,0,0,0,0,no,258
c09,Chinese,12,tp1,point,3,3,1,1,no,257
c09,Chinese,12,tp1,ho_gv,8,8,2,2,no,256
c09,Chinese,12,tp2,reach,0,0,0,0,no,261
c09,Chinese,12,tp2,point,1,1,0,0,no,260
c09,Chinese,12,tp2,ho_gv,3,3,1,1,no,259
c10,Chinese,10,five,reach,3,3,0,0,no,264
c10,Chinese,10,five,point,0,0,0,0,no,263
c10,Chinese,10,five,ho_gv,0,0,0,0,no,262
c10,Chinese,10,tp1,reach,0,0,0,0,no,267
c10,Chinese,10,tp1,point,0,0,0,0,no,266
c10,Chinese,10,tp1,ho_gv,1,1,0,0,no,265
c10,Chinese,10,tp2,reach,0,0,0,0,no,270
c10,Chinese,10,tp2,point,0,0,0,0,no,269
c10,Chinese,10,tp2,ho_gv,0,0,0,0,no,268
c10,Chinese,11,five,reach,5,5,0,0,no,264
c10,Chinese,11,five,point,0,0,0,0,no,263
c10,Chinese,11,five,ho_gv,0,0,0,0,no,262
c10,Chinese,11,tp1,reach,0,0,0,0,no,267
c10,Chinese,11,tp1,point,0,0,0,0,no,266
c10,Chinese,11,tp1,ho_gv,1,1,0,0,no,265
c10,Chinese,11,tp2,reach,0,0,0,0,no,270
c10,Chinese,11,tp2,point,0,0,0,0,no,269
c10,Chinese,11,tp2,ho_gv,0,0,0,0,no,268
c10,Chinese,12,five,reach,0,0,0,0,no,264
c10,Chinese,12,five,point,3,3,0,0,no,263
c10,Chinese,12,five,ho_gv,0,0,0,0,no,262
c10,Chinese,12,tp1,reach,0,0,0,0,no,267
c10,Chinese,12,tp1,point,0,0,0,0,no,266
c10,Chinese,12,tp1,ho_gv,0,0,0,0,no,265
c10,Chinese,12,tp2,reach,0,0,0,0,no,270
c10,Chinese,12,tp2,point,0,0,0,0,no,269
c10,Chinese,12,tp2,ho_gv,1,1,0,0,no,268
c11,Chinese,10,five,reach,0,0,0,0,no,273
c11,Chinese,10,five,point,0,0,0,0,no,272
c11,Chinese,10,five,ho_gv,0,0,0,0,no,271
c11,Chinese,10,tp1,reach,0,0,0,0,no,276
c11,Chinese,10,tp1,point,0,0,0,0,no,275
c11,Chinese,10,tp1,ho_gv,2,2,0,0,no,274
c11,Chinese,10,tp2,reach,0,0,0,0,no,279
c11,Chinese,10,tp2,point,0,0,0,0,no,278
c11,Chinese,10,tp2,ho_gv,4,4,0,0,no,277
c11,Chinese,11,five,reach,0,0,0,0,no,273
c11,Chinese,11,five,point,1,1,0,0,no,272
c11,Chinese,11,five,ho_gv,0,0,0,0,no,271
c11,Chinese,11,tp1,reach,0,0,0,0,no,276
c11,Chinese,11,tp1,point,0,0,0,0,no,275
c11,Chinese,11,tp1,ho_gv,6,6,2,2,no,274
c11,Chinese,11,tp2,reach,0,0,0,0,no,279
c11,Chinese,11,tp2,point,0,0,0,0,no,278
c11,Chinese,11,tp2,ho_gv,5,5,3,3,no,277
c11,Chinese,12,five,reach,5,5,1,1,no,273
c11,Chinese,12,five,point,2,2,2,2,no,272
c11,Chinese,12,five,ho_gv,0,0,0,0,no,271
c11,Chinese,12,tp1,reach,0,0,0,0,no,276
c11,Chinese,12,tp1,point,0,0,0,0,no,275
c11,Chinese,12,tp1,ho_gv,22,22,6,6,no,274
c11,Chinese,12,tp2,reach,0,0,0,0,no,279
c11,Chinese,12,tp2,point,0,0,0,0,no,278
c11,Chinese,12,tp2,ho_gv,16,16,3,3,no,277
c12,Chinese,10,five,reach,0,0,0,0,no,282
c12,Chinese,10,five,point,0,0,0,0,no,281
c12,Chinese,10,five,ho_gv,0,0,0,0,no,280
c12,Chinese,10,tp1,reach,0,0,0,0,no,285
c12,Chinese,10,tp1,point,0,0,0,0,no,284
c12,Chinese,10,tp1,ho_gv,7,7,0,0,no,283
c12,Chinese,10,tp2,reach,0,0,0,0,no,288
c12,Chinese,10,tp2,point,0,0,0,0,no,287
c12,Chinese,10,tp2,ho_gv,5,5,2,2,no,286
c12,Chinese,11,five,reach,4,4,0,0,no,282
c12,Chinese,11,five,point,0,0,0,0,no,281
c12,Chinese,11,five,ho_gv,0,0,0,0,no,280
c12,Chinese,11,tp1,reach,0,0,0,0,no,285
c12,Chinese,11,tp1,point,0,0,0,0,no,284
c12,Chinese,11,tp1,ho_gv,0,0,0,0,no,283
c12,Chinese,11,tp2,reach,0,0,0,0,no,288
c12,Chinese,11,tp2,point,0,0,0,0,no,287
c12,Chinese,11,tp2,ho_gv,5,5,0,0,no,286
c12,Chinese,12,five,reach,4,4,1,1,no,282
c12,Chinese,12,five,point,0,0,0,0,no,281
c12,Chinese,12,five,ho_gv,0,0,0,0,no,280
c12,Chinese,12,tp1,reach,0,0,0,0,no,285
c12,Chinese,12,tp1,point,0,0,0,0,no,284
c12,Chinese,12,tp1,ho_gv,0,0,0,0,no,283
c12,Chinese,12,tp2,reach,0,0,0,0,no,288
c12,Chinese,12,tp2,point,0,0,0,0,no,287
c12,Chinese,12,tp2,ho_gv,0,0,0,0,no,286
c13,Chinese,10,five,reach,0,0,0,0,no,291
c13,Chinese,10,five,point,0,0,0,0,no,290
c13,Chinese,10,five,ho_gv,0,0,0,0,no,289
c13,Chinese,10,tp1,reach,0,0,0,0,no,294
c13,Chinese,10,tp1,point,0,0,0,0,no,293
c13,Chinese,10,tp1,ho_gv,0,0,0,0,no,292
c13,Chinese,10,tp2,reach,0,0,0,0,no,297
c13,Chinese,10,tp2,point,0,0,0,0,no,296
c13,Chinese,10,tp2,ho_gv,1,1,0,0,no,295
c13,Chinese,11,five,reach,1,1,0,0,no,291
c13,Chinese,11,five,point,3,3,0,0,no,290
c13,Chinese,11,five,ho_gv,0,0,0,0,no,289
c13,Chinese,11,tp1,reach,0,0,0,0,no,294
c13,Chinese,11,tp1,point,0,0,0,0,no,293
c13,Chinese,11,tp1,ho_gv,0,0,0,0,no,292
c13,Chinese,11,tp2,reach,0,0,0,0,no,297
c13,Chinese,11,tp2,point,0,0,0,0,no,296
c13,Chinese,11,tp2,ho_gv,0,0,0,0,no,295
c13,Chinese,12,five,reach,8,8,4,4,no,291
c13,Chinese,12,five,point,19,19,6,6,no,290
c13,Chinese,12,five,ho_gv,0,0,0,0,no,289
c13,Chinese,12,tp1,reach,0,0,0,0,no,294
c13,Chinese,12,tp1,point,0,0,0,0,no,293
c13,Chinese,12,tp1,ho_gv,0,0,0,0,no,292
c13,Chinese,12,tp2,reach,0,0,0,0,no,297
c13,Chinese,12,tp2,point,0,0,1,1,no,296
c13,Chinese,12,tp2,ho_gv,5,5,2,2,no,295
c14,Chinese,10,five,reach,2,2,0,0,no,300
c14,Chinese,10,five,point,1,1,0,0,no,299
c14,Chinese,10,five,ho_gv,0,0,0,0,no,298
c14,Chinese,10,tp1,reach,0,0,0,0,no,303
c14,Chinese,10,tp1,point,0,0,0,0,no,302
c14,Chinese,10,tp1,ho_gv,0,0,0,0,no,301
c14,Chinese,10,tp2,reach,0,0,0,0,no,306
c14,Chinese,10,tp2,point,0,0,0,0,no,305
c14,Chinese,10,tp2,ho_gv,0,0,0,0,no,304
c14,Chinese,11,five,reach,0,0,0,0,no,300
c14,Chinese,11,five,point,0,0,0,0,no,299
c14,Chinese,11,five,ho_gv,0,0,0,0,no,298
c14,Chinese,11,tp1,reach,0,0,0,0,no,303
c14,Chinese,11,tp1,point,0,0,0,0,no,302
c14,Chinese,11,tp1,ho_gv,1,1,0,0,no,301
c14,Chinese,11,tp2,reach,0,0,0,0,no,306
c14,Chinese,11,tp2,point,0,0,0,0,no,305
c14,Chinese,11,tp2,ho_gv,0,0,0,0,no,304
c14,Chinese,12,five,reach,0,0,0,0,no,300
c14,Chinese,12,five,point,17,17,1,1,no,299
c14,Chinese,12,five,ho_gv,0,0,0,0,no,298
c14,Chinese,12,tp1,reach,3,3,2,2,no,303
c14,Chinese,12,tp1,point,3,3,2,2,no,302
c14,Chinese,12,tp1,ho_gv,5,5,0,0,no,301
c14,Chinese,12,tp2,reach,0,0,0,0,no,306
c14,Chinese,12,tp2,point,0,0,0,0,no,305
c14,Chinese,12,tp2,ho_gv,0,0,0,0,no,304
c15,Chinese,10,five,reach,3,3,0,0,no,309
c15,Chinese,10,five,point,0,0,0,0,no,308
c15,Chinese,10,five,ho_gv,0,0,0,0,no,307
c15,Chinese,10,tp1,reach,0,0,0,0,no,312
c15,Chinese,10,tp1,point,0,0,0,0,no,311
c15,Chinese,10,tp1,ho_gv,0,0,0,0,no,310
c15,Chinese,10,tp2,reach,0,0,0,0,no,315
c15,Chinese,10,tp2,point,0,0,0,0,no,314
c15,Chinese,10,tp2,ho_gv,0,0,0,0,no,313
c15,Chinese,11,five,reach,7,7,2,2,no,309
c15,Chinese,11,five,point,0,0,0,0,no,308
c15,Chinese,11,five,ho_gv,0,0,0,0,no,307
c15,Chinese,11,tp1,reach,0,0,0,0,no,312
c15,Chinese,11,tp1,point,0,0,0,0,no,311
c15,Chinese,11,tp1,ho_gv,0,0,0,0,no,310
c15,Chinese,11,tp2,reach,0,0,0,0,no,315
c15,Chinese,11,tp2,point,0,0,0,0,no,314
c15,Chinese,11,tp2,ho_gv,3,3,1,1,no,313
c15,Chinese,12,five,reach,4,4,1,1,no,309
c15,Chinese,12,five,point,0,0,0,0,no,308
c15,Chinese,12,five,ho_gv,0,0,0,0,no,307
c15,Chinese,12,tp1,reach,0,0,0,0,no,312
c15,Chinese,12,tp1,point,0,0,0,0,no,311
c15,Chinese,12,tp1,ho_gv,16,16,0,0,no,310
c15,Chinese,12,tp2,reach,0,0,0,0,no,315
c15,Chinese,12,tp2,point,0,0,0,0,no,314
c15,Chinese,12,tp2,ho_gv,1,1,0,0,no,313
c16,Chinese,10,five,reach,5,5,1,1,no,318
c16,Chinese,10,five,point,0,0,0,0,no,317
c16,Chinese,10,five,ho_gv,0,0,0,0,no,316
c16,Chinese,10,tp1,reach,0,0,0,0,no,321
c16,Chinese,10,tp1,point,0,0,0,0,no,320
c16,Chinese,10,tp1,ho_gv,1,1,0,0,no,319
c16,Chinese,10,tp2,reach,1,1,NA,NA,no,324
c16,Chinese,10,tp2,point,0,0,NA,NA,no,323
c16,Chinese,10,tp2,ho_gv,0,0,NA,NA,no,322
c16,Chinese,11,five,reach,4,4,1,1,no,318
c16,Chinese,11,five,point,0,0,0,0,no,317
c16,Chinese,11,five,ho_gv,0,0,0,0,no,316
c16,Chinese,11,tp1,reach,0,0,0,0,no,321
c16,Chinese,11,tp1,point,0,0,0,0,no,320
c16,Chinese,11,tp1,ho_gv,0,0,0,0,no,319
c16,Chinese,11,tp2,reach,0,0,0,0,no,324
c16,Chinese,11,tp2,point,0,0,0,0,no,323
c16,Chinese,11,tp2,ho_gv,0,0,0,0,no,322
c16,Chinese,12,five,reach,0,0,0,0,no,318
c16,Chinese,12,five,point,6,6,2,2,no,317
c16,Chinese,12,five,ho_gv,0,0,0,0,no,316
c16,Chinese,12,tp1,reach,0,0,0,0,no,321
c16,Chinese,12,tp1,point,0,0,0,0,no,320
c16,Chinese,12,tp1,ho_gv,0,0,0,0,no,319
c16,Chinese,12,tp2,reach,0,0,0,0,yes,324
c16,Chinese,12,tp2,point,0,0,0,0,yes,323
c16,Chinese,12,tp2,ho_gv,1,1,0,0,yes,322
c17,Chinese,10,five,reach,0,0,0,0,yes,327
c17,Chinese,10,five,point,0,0,0,0,yes,326
c17,Chinese,10,five,ho_gv,0,0,0,0,yes,325
c17,Chinese,10,tp1,reach,0,0,0,0,no,330
c17,Chinese,10,tp1,point,0,0,0,0,no,329
c17,Chinese,10,tp1,ho_gv,0,0,0,0,no,328
c17,Chinese,10,tp2,reach,0,0,0,0,no,333
c17,Chinese,10,tp2,point,0,0,0,0,no,332
c17,Chinese,10,tp2,ho_gv,0,0,0,0,no,331
c17,Chinese,11,five,reach,1,1,0,0,no,327
c17,Chinese,11,five,point,0,0,0,0,no,326
c17,Chinese,11,five,ho_gv,0,0,0,0,no,325
c17,Chinese,11,tp1,reach,0,0,0,0,no,330
c17,Chinese,11,tp1,point,0,0,0,0,no,329
c17,Chinese,11,tp1,ho_gv,0,0,0,0,no,328
c17,Chinese,11,tp2,reach,5,5,4,4,no,333
c17,Chinese,11,tp2,point,0,0,0,0,no,332
c17,Chinese,11,tp2,ho_gv,0,0,0,0,no,331
c17,Chinese,12,five,reach,2,2,0,0,no,327
c17,Chinese,12,five,point,0,0,0,0,no,326
c17,Chinese,12,five,ho_gv,0,0,0,0,no,325
c17,Chinese,12,tp1,reach,0,0,0,0,no,330
c17,Chinese,12,tp1,point,0,0,0,0,no,329
c17,Chinese,12,tp1,ho_gv,1,1,1,1,no,328
c17,Chinese,12,tp2,reach,0,0,0,0,no,333
c17,Chinese,12,tp2,point,0,0,0,0,no,332
c17,Chinese,12,tp2,ho_gv,1,1,0,0,no,331
c18,Chinese,10,five,reach,0,0,0,0,no,336
c18,Chinese,10,five,point,0,0,0,0,no,335
c18,Chinese,10,five,ho_gv,0,0,0,0,no,334
c18,Chinese,10,tp1,reach,0,0,0,0,no,339
c18,Chinese,10,tp1,point,0,0,0,0,no,338
c18,Chinese,10,tp1,ho_gv,0,0,0,0,no,337
c18,Chinese,10,tp2,reach,NA,NA,NA,NA,no,342
c18,Chinese,10,tp2,point,NA,NA,NA,NA,no,341
c18,Chinese,10,tp2,ho_gv,NA,NA,NA,NA,no,340
c18,Chinese,11,five,reach,0,0,0,0,no,336
c18,Chinese,11,five,point,0,0,0,0,no,335
c18,Chinese,11,five,ho_gv,0,0,0,0,no,334
c18,Chinese,11,tp1,reach,0,0,0,0,no,339
c18,Chinese,11,tp1,point,0,0,0,0,no,338
c18,Chinese,11,tp1,ho_gv,1,1,0,0,no,337
c18,Chinese,11,tp2,reach,0,0,0,0,no,342
c18,Chinese,11,tp2,point,0,0,0,0,no,341
c18,Chinese,11,tp2,ho_gv,0,0,0,0,no,340
c18,Chinese,12,five,reach,0,0,0,0,no,336
c18,Chinese,12,five,point,1,1,0,0,no,335
c18,Chinese,12,five,ho_gv,0,0,0,0,no,334
c18,Chinese,12,tp1,reach,0,0,0,0,no,339
c18,Chinese,12,tp1,point,0,0,0,0,no,338
c18,Chinese,12,tp1,ho_gv,0,0,0,0,no,337
c18,Chinese,12,tp2,reach,0,0,0,0,no,342
c18,Chinese,12,tp2,point,0,0,0,0,no,341
c18,Chinese,12,tp2,ho_gv,3,3,0,0,no,340
c19,Chinese,10,five,reach,0,0,0,0,no,345
c19,Chinese,10,five,point,0,0,0,0,no,344
c19,Chinese,10,five,ho_gv,0,0,0,0,no,343
c19,Chinese,10,tp1,reach,0,0,0,0,no,348
c19,Chinese,10,tp1,point,0,0,0,0,no,347
c19,Chinese,10,tp1,ho_gv,0,0,0,0,no,346
c19,Chinese,10,tp2,reach,0,0,0,0,no,351
c19,Chinese,10,tp2,point,0,0,0,0,no,350
c19,Chinese,10,tp2,ho_gv,0,0,0,0,no,349
c19,Chinese,11,five,reach,0,0,0,0,no,345
c19,Chinese,11,five,point,0,0,0,0,no,344
c19,Chinese,11,five,ho_gv,0,0,0,0,no,343
c19,Chinese,11,tp1,reach,0,0,0,0,no,348
c19,Chinese,11,tp1,point,0,0,0,0,no,347
c19,Chinese,11,tp1,ho_gv,0,0,0,0,no,346
c19,Chinese,11,tp2,reach,0,0,0,0,no,351
c19,Chinese,11,tp2,point,0,0,0,0,no,350
c19,Chinese,11,tp2,ho_gv,0,0,0,0,no,349
c19,Chinese,12,five,reach,0,0,0,0,no,345
c19,Chinese,12,five,point,0,0,0,0,no,344
c19,Chinese,12,five,ho_gv,0,0,0,0,no,343
c19,Chinese,12,tp1,reach,0,0,0,0,no,348
c19,Chinese,12,tp1,point,0,0,0,0,no,347
c19,Chinese,12,tp1,ho_gv,1,1,0,0,no,346
c19,Chinese,12,tp2,reach,0,0,0,0,no,351
c19,Chinese,12,tp2,point,0,0,0,0,no,350
c19,Chinese,12,tp2,ho_gv,0,0,0,0,no,349
c20,Chinese,10,five,reach,0,0,0,0,no,354
c20,Chinese,10,five,point,0,0,0,0,no,353
c20,Chinese,10,five,ho_gv,0,0,0,0,no,352
c20,Chinese,10,tp1,reach,0,0,0,0,no,357
c20,Chinese,10,tp1,point,0,0,0,0,no,356
c20,Chinese,10,tp1,ho_gv,1,1,0,0,no,355
c20,Chinese,10,tp2,reach,0,0,0,0,no,360
c20,Chinese,10,tp2,point,0,0,0,0,no,359
c20,Chinese,10,tp2,ho_gv,0,0,0,0,no,358
c20,Chinese,11,five,reach,1,1,0,0,no,354
c20,Chinese,11,five,point,0,0,0,0,no,353
c20,Chinese,11,five,ho_gv,0,0,0,0,no,352
c20,Chinese,11,tp1,reach,0,0,0,0,no,357
c20,Chinese,11,tp1,point,0,0,0,0,no,356
c20,Chinese,11,tp1,ho_gv,0,0,0,0,no,355
c20,Chinese,11,tp2,reach,NA,NA,NA,NA,no,360
c20,Chinese,11,tp2,point,NA,NA,NA,NA,no,359
c20,Chinese,11,tp2,ho_gv,NA,NA,NA,NA,no,358
c20,Chinese,12,five,reach,3,3,0,0,no,354
c20,Chinese,12,five,point,0,0,0,0,no,353
c20,Chinese,12,five,ho_gv,0,0,0,0,no,352
c20,Chinese,12,tp1,reach,0,0,0,0,no,357
c20,Chinese,12,tp1,point,0,0,0,0,no,356
c20,Chinese,12,tp1,ho_gv,0,0,0,0,no,355
c20,Chinese,12,tp2,reach,0,0,0,0,no,360
c20,Chinese,12,tp2,point,0,0,0,0,no,359
c20,Chinese,12,tp2,ho_gv,0,0,0,0,no,358
e01,English,10,five,reach,1,1,0,0,no,363
e01,English,10,five,point,4,4,0,0,no,362
e01,English,10,five,ho_gv,0,0,0,0,no,361
e01,English,10,tp1,reach,0,0,0,0,yes,366
e01,English,10,tp1,point,0,0,0,0,yes,365
e01,English,10,tp1,ho_gv,0,0,0,0,yes,364
e01,English,10,tp2,reach,0,0,0,0,no,369
e01,English,10,tp2,point,0,0,0,0,no,368
e01,English,10,tp2,ho_gv,0,0,0,0,no,367
e01,English,11,five,reach,2,5,0,0,yes,363
e01,English,11,five,point,0,0,0,0,yes,362
e01,English,11,five,ho_gv,0,0,0,0,yes,361
e01,English,11,tp1,reach,0,0,0,0,yes,366
e01,English,11,tp1,point,0,0,0,0,yes,365
e01,English,11,tp1,ho_gv,0,0,0,0,yes,364
e01,English,11,tp2,reach,0,0,0,0,no,369
e01,English,11,tp2,point,0,0,0,0,no,368
e01,English,11,tp2,ho_gv,0,0,0,0,no,367
e01,English,12,five,reach,13,13,0,0,no,363
e01,English,12,five,point,0,0,0,0,no,362
e01,English,12,five,ho_gv,0,0,0,0,no,361
e01,English,12,tp1,reach,0,0,0,0,no,366
e01,English,12,tp1,point,0,0,0,0,no,365
e01,English,12,tp1,ho_gv,0,0,0,0,no,364
e01,English,12,tp2,reach,0,0,0,0,no,369
e01,English,12,tp2,point,0,0,0,0,no,368
e01,English,12,tp2,ho_gv,1,1,0,0,no,367
e02,English,10,five,reach,0,0,0,0,no,372
e02,English,10,five,point,0,0,0,0,no,371
e02,English,10,five,ho_gv,0,0,0,0,no,370
e02,English,10,tp1,reach,0,0,0,0,yes,375
e02,English,10,tp1,point,0,0,0,0,yes,374
e02,English,10,tp1,ho_gv,0,0,0,0,yes,373
e02,English,10,tp2,reach,0,0,0,0,no,378
e02,English,10,tp2,point,0,0,0,0,no,377
e02,English,10,tp2,ho_gv,0,0,0,0,no,376
e02,English,11,five,reach,0,0,0,0,no,372
e02,English,11,five,point,0,0,0,0,no,371
e02,English,11,five,ho_gv,0,0,0,0,no,370
e02,English,11,tp1,reach,0,0,0,0,no,375
e02,English,11,tp1,point,0,0,0,0,no,374
e02,English,11,tp1,ho_gv,0,0,0,0,no,373
e02,English,11,tp2,reach,0,0,0,0,no,378
e02,English,11,tp2,point,0,0,0,0,no,377
e02,English,11,tp2,ho_gv,0,0,0,0,no,376
e02,English,12,five,reach,1,1,0,0,no,372
e02,English,12,five,point,0,0,0,0,no,371
e02,English,12,five,ho_gv,0,0,0,0,no,370
e02,English,12,tp1,reach,0,0,0,0,no,375
e02,English,12,tp1,point,0,0,0,0,no,374
e02,English,12,tp1,ho_gv,0,0,0,0,no,373
e02,English,12,tp2,reach,0,0,0,0,no,378
e02,English,12,tp2,point,0,0,0,0,no,377
e02,English,12,tp2,ho_gv,0,0,0,0,no,376
e03,English,10,five,reach,2,2,0,0,no,381
e03,English,10,five,point,0,0,0,0,no,380
e03,English,10,five,ho_gv,0,0,0,0,no,379
e03,English,10,tp1,reach,0,0,0,0,no,384
e03,English,10,tp1,point,0,0,0,0,no,383
e03,English,10,tp1,ho_gv,1,1,0,0,no,382
e03,English,10,tp2,reach,0,0,0,0,no,387
e03,English,10,tp2,point,0,0,0,0,no,386
e03,English,10,tp2,ho_gv,5,5,2,2,no,385
e03,English,11,five,reach,2,2,1,1,no,381
e03,English,11,five,point,1,1,0,0,no,380
e03,English,11,five,ho_gv,0,0,0,0,no,379
e03,English,11,tp1,reach,0,0,0,0,no,384
e03,English,11,tp1,point,0,0,0,0,no,383
e03,English,11,tp1,ho_gv,3,3,2,2,no,382
e03,English,11,tp2,reach,0,0,0,0,no,387
e03,English,11,tp2,point,0,0,0,0,no,386
e03,English,11,tp2,ho_gv,0,0,0,0,no,385
e03,English,12,five,reach,0,0,0,0,no,381
e03,English,12,five,point,3,3,0,0,no,380
e03,English,12,five,ho_gv,0,0,0,0,no,379
e03,English,12,tp1,reach,1,1,0,0,no,384
e03,English,12,tp1,point,4,4,0,0,no,383
e03,English,12,tp1,ho_gv,6,6,4,4,no,382
e03,English,12,tp2,reach,0,0,0,0,no,387
e03,English,12,tp2,point,0,0,0,0,no,386
e03,English,12,tp2,ho_gv,3,3,2,2,no,385
e04,English,10,five,reach,8,8,4,4,no,390
e04,English,10,five,point,0,0,0,0,no,389
e04,English,10,five,ho_gv,0,0,0,0,no,388
e04,English,10,tp1,reach,0,0,0,0,no,393
e04,English,10,tp1,point,0,0,0,0,no,392
e04,English,10,tp1,ho_gv,3,3,0,0,no,391
e04,English,10,tp2,reach,0,0,0,0,no,396
e04,English,10,tp2,point,0,0,0,0,no,395
e04,English,10,tp2,ho_gv,0,0,0,0,no,394
e04,English,11,five,reach,3,3,0,0,no,390
e04,English,11,five,point,0,0,0,0,no,389
e04,English,11,five,ho_gv,0,0,0,0,no,388
e04,English,11,tp1,reach,0,0,0,0,no,393
e04,English,11,tp1,point,0,0,0,0,no,392
e04,English,11,tp1,ho_gv,0,0,0,0,no,391
e04,English,11,tp2,reach,0,0,0,0,no,396
e04,English,11,tp2,point,0,0,0,0,no,395
e04,English,11,tp2,ho_gv,1,1,1,1,no,394
e04,English,12,five,reach,5,5,0,0,no,390
e04,English,12,five,point,14,14,5,5,no,389
e04,English,12,five,ho_gv,0,0,0,0,no,388
e04,English,12,tp1,reach,0,0,0,0,no,393
e04,English,12,tp1,point,0,0,0,0,no,392
e04,English,12,tp1,ho_gv,9,9,2,2,no,391
e04,English,12,tp2,reach,0,0,0,0,no,396
e04,English,12,tp2,point,0,0,0,0,no,395
e04,English,12,tp2,ho_gv,1,1,0,0,no,394
e05,English,10,five,reach,0,0,0,0,no,399
e05,English,10,five,point,39,39,21,21,no,398
e05,English,10,five,ho_gv,0,0,0,0,no,397
e05,English,10,tp1,reach,0,0,0,0,no,402
e05,English,10,tp1,point,9,9,9,9,no,401
e05,English,10,tp1,ho_gv,1,1,0,0,no,400
e05,English,10,tp2,reach,0,0,0,0,no,405
e05,English,10,tp2,point,0,0,0,0,no,404
e05,English,10,tp2,ho_gv,0,0,0,0,no,403
e05,English,11,five,reach,0,0,0,0,no,399
e05,English,11,five,point,41,41,21,21,no,398
e05,English,11,five,ho_gv,0,0,0,0,no,397
e05,English,11,tp1,reach,0,0,0,0,no,402
e05,English,11,tp1,point,11,11,6,6,no,401
e05,English,11,tp1,ho_gv,3,3,1,1,no,400
e05,English,11,tp2,reach,0,0,0,0,no,405
e05,English,11,tp2,point,0,0,0,0,no,404
e05,English,11,tp2,ho_gv,7,7,0,0,no,403
e05,English,12,five,reach,0,0,0,0,no,399
e05,English,12,five,point,42,42,29,29,no,398
e05,English,12,five,ho_gv,0,0,0,0,no,397
e05,English,12,tp1,reach,0,0,0,0,no,402
e05,English,12,tp1,point,4,4,1,1,no,401
e05,English,12,tp1,ho_gv,1,1,0,0,no,400
e05,English,12,tp2,reach,0,0,0,0,no,405
e05,English,12,tp2,point,0,0,0,0,no,404
e05,English,12,tp2,ho_gv,6,6,3,3,no,403
e06,English,10,five,reach,9,9,0,0,no,408
e06,English,10,five,point,0,0,0,0,no,407
e06,English,10,five,ho_gv,0,0,0,0,no,406
e06,English,10,tp1,reach,0,0,0,0,no,411
e06,English,10,tp1,point,0,0,0,0,no,410
e06,English,10,tp1,ho_gv,0,0,0,0,no,409
e06,English,10,tp2,reach,0,0,0,0,no,414
e06,English,10,tp2,point,0,0,0,0,no,413
e06,English,10,tp2,ho_gv,0,0,0,0,no,412
e06,English,11,five,reach,7,7,0,0,no,408
e06,English,11,five,point,0,0,0,0,no,407
e06,English,11,five,ho_gv,0,0,0,0,no,406
e06,English,11,tp1,reach,0,0,0,0,no,411
e06,English,11,tp1,point,0,0,0,0,no,410
e06,English,11,tp1,ho_gv,1,1,0,0,no,409
e06,English,11,tp2,reach,0,0,0,0,no,414
e06,English,11,tp2,point,0,0,0,0,no,413
e06,English,11,tp2,ho_gv,0,0,0,0,no,412
e06,English,12,five,reach,5,5,0,0,no,408
e06,English,12,five,point,0,0,0,0,no,407
e06,English,12,five,ho_gv,0,0,0,0,no,406
e06,English,12,tp1,reach,0,0,0,0,no,411
e06,English,12,tp1,point,0,0,0,0,no,410
e06,English,12,tp1,ho_gv,0,0,0,0,no,409
e06,English,12,tp2,reach,0,0,0,0,no,414
e06,English,12,tp2,point,0,0,0,0,no,413
e06,English,12,tp2,ho_gv,2,2,0,0,no,412
e07,English,10,five,reach,1,1,0,0,no,417
e07,English,10,five,point,0,0,0,0,no,416
e07,English,10,five,ho_gv,0,0,0,0,no,415
e07,English,10,tp1,reach,0,0,0,0,no,420
e07,English,10,tp1,point,0,0,0,0,no,419
e07,English,10,tp1,ho_gv,0,0,0,0,no,418
e07,English,10,tp2,reach,0,0,0,0,no,423
e07,English,10,tp2,point,0,0,0,0,no,422
e07,English,10,tp2,ho_gv,0,0,0,0,no,421
e07,English,11,five,reach,1,1,0,0,no,417
e07,English,11,five,point,0,0,0,0,no,416
e07,English,11,five,ho_gv,0,0,0,0,no,415
e07,English,11,tp1,reach,0,0,0,0,no,420
e07,English,11,tp1,point,0,0,0,0,no,419
e07,English,11,tp1,ho_gv,0,0,0,0,no,418
e07,English,11,tp2,reach,0,0,0,0,no,423
e07,English,11,tp2,point,0,0,0,0,no,422
e07,English,11,tp2,ho_gv,1,1,1,1,no,421
e07,English,12,five,reach,0,0,0,0,no,417
e07,English,12,five,point,3,3,2,2,no,416
e07,English,12,five,ho_gv,0,0,0,0,no,415
e07,English,12,tp1,reach,0,0,0,0,no,420
e07,English,12,tp1,point,1,1,0,0,no,419
e07,English,12,tp1,ho_gv,2,2,2,2,no,418
e07,English,12,tp2,reach,0,0,0,0,no,423
e07,English,12,tp2,point,0,0,0,0,no,422
e07,English,12,tp2,ho_gv,0,0,0,0,no,421
e08,English,10,five,reach,5,5,3,3,no,426
e08,English,10,five,point,1,1,0,0,no,425
e08,English,10,five,ho_gv,0,0,0,0,no,424
e08,English,10,tp1,reach,0,0,0,0,no,429
e08,English,10,tp1,point,0,0,0,0,no,428
e08,English,10,tp1,ho_gv,0,0,0,0,no,427
e08,English,10,tp2,reach,0,0,0,0,no,432
e08,English,10,tp2,point,0,0,0,0,no,431
e08,English,10,tp2,ho_gv,0,0,0,0,no,430
e08,English,11,five,reach,0,0,0,0,no,426
e08,English,11,five,point,8,8,4,4,no,425
e08,English,11,five,ho_gv,0,0,0,0,no,424
e08,English,11,tp1,reach,0,0,0,0,no,429
e08,English,11,tp1,point,0,0,0,0,no,428
e08,English,11,tp1,ho_gv,1,1,0,0,no,427
e08,English,11,tp2,reach,0,0,0,0,no,432
e08,English,11,tp2,point,0,0,0,0,no,431
e08,English,11,tp2,ho_gv,1,1,1,1,no,430
e08,English,12,five,reach,2,2,0,0,no,426
e08,English,12,five,point,14,14,9,9,no,425
e08,English,12,five,ho_gv,0,0,0,0,no,424
e08,English,12,tp1,reach,0,0,0,0,no,429
e08,English,12,tp1,point,6,6,0,0,no,428
e08,English,12,tp1,ho_gv,6,6,0,0,no,427
e08,English,12,tp2,reach,0,0,0,0,no,432
e08,English,12,tp2,point,3,3,2,2,no,431
e08,English,12,tp2,ho_gv,6,6,2,2,no,430
e09,English,10,five,reach,1,1,0,0,no,435
e09,English,10,five,point,3,3,1,1,no,434
e09,English,10,five,ho_gv,0,0,0,0,no,433
e09,English,10,tp1,reach,0,0,0,0,no,438
e09,English,10,tp1,point,0,0,0,0,no,437
e09,English,10,tp1,ho_gv,0,0,0,0,no,436
e09,English,10,tp2,reach,1,1,0,0,no,441
e09,English,10,tp2,point,0,0,0,0,no,440
e09,English,10,tp2,ho_gv,1,1,0,0,no,439
e09,English,11,five,reach,0,0,0,0,no,435
e09,English,11,five,point,5,5,3,3,no,434
e09,English,11,five,ho_gv,0,0,0,0,no,433
e09,English,11,tp1,reach,0,0,0,0,no,438
e09,English,11,tp1,point,0,0,0,0,no,437
e09,English,11,tp1,ho_gv,0,0,0,0,no,436
e09,English,11,tp2,reach,0,0,0,0,no,441
e09,English,11,tp2,point,0,0,0,0,no,440
e09,English,11,tp2,ho_gv,3,3,2,2,no,439
e09,English,12,five,reach,2,2,1,1,no,435
e09,English,12,five,point,1,1,1,1,no,434
e09,English,12,five,ho_gv,0,0,0,0,no,433
e09,English,12,tp1,reach,0,0,0,0,no,438
e09,English,12,tp1,point,0,0,0,0,no,437
e09,English,12,tp1,ho_gv,5,5,0,0,no,436
e09,English,12,tp2,reach,0,0,0,0,no,441
e09,English,12,tp2,point,0,0,0,0,no,440
e09,English,12,tp2,ho_gv,12,12,3,3,no,439
e10,English,10,five,reach,0,0,0,0,no,444
e10,English,10,five,point,0,0,0,0,no,443
e10,English,10,five,ho_gv,0,0,0,0,no,442
e10,English,10,tp1,reach,0,0,0,0,no,447
e10,English,10,tp1,point,0,0,0,0,no,446
e10,English,10,tp1,ho_gv,0,0,0,0,no,445
e10,English,10,tp2,reach,0,0,0,0,no,450
e10,English,10,tp2,point,0,0,0,0,no,449
e10,English,10,tp2,ho_gv,0,0,0,0,no,448
e10,English,11,five,reach,1,1,0,0,no,444
e10,English,11,five,point,0,0,0,0,no,443
e10,English,11,five,ho_gv,0,0,0,0,no,442
e10,English,11,tp1,reach,0,0,0,0,no,447
e10,English,11,tp1,point,0,0,0,0,no,446
e10,English,11,tp1,ho_gv,0,0,0,0,no,445
e10,English,11,tp2,reach,0,0,0,0,no,450
e10,English,11,tp2,point,0,0,0,0,no,449
e10,English,11,tp2,ho_gv,2,2,1,1,no,448
e10,English,12,five,reach,2,2,1,1,no,444
e10,English,12,five,point,0,0,0,0,no,443
e10,English,12,five,ho_gv,0,0,0,0,no,442
e10,English,12,tp1,reach,0,0,0,0,no,447
e10,English,12,tp1,point,0,0,0,0,no,446
e10,English,12,tp1,ho_gv,0,0,0,0,no,445
e10,English,12,tp2,reach,0,0,0,0,no,450
e10,English,12,tp2,point,0,0,0,0,no,449
e10,English,12,tp2,ho_gv,0,0,0,0,no,448
e11,English,10,five,reach,0,0,0,0,no,453
e11,English,10,five,point,0,0,0,0,no,452
e11,English,10,five,ho_gv,0,0,0,0,no,451
e11,English,10,tp1,reach,0,0,0,0,no,456
e11,English,10,tp1,point,0,0,0,0,no,455
e11,English,10,tp1,ho_gv,0,0,0,0,no,454
e11,English,10,tp2,reach,0,0,0,0,no,459
e11,English,10,tp2,point,0,0,0,0,no,458
e11,English,10,tp2,ho_gv,1,1,0,0,no,457
e11,English,11,five,reach,0,0,0,0,no,453
e11,English,11,five,point,0,0,0,0,no,452
e11,English,11,five,ho_gv,0,0,0,0,no,451
e11,English,11,tp1,reach,0,0,0,0,no,456
e11,English,11,tp1,point,0,0,0,0,no,455
e11,English,11,tp1,ho_gv,0,0,0,0,no,454
e11,English,11,tp2,reach,0,0,0,0,no,459
e11,English,11,tp2,point,0,0,0,0,no,458
e11,English,11,tp2,ho_gv,0,0,0,0,no,457
e11,English,12,five,reach,0,0,0,0,no,453
e11,English,12,five,point,0,0,0,0,no,452
e11,English,12,five,ho_gv,0,0,0,0,no,451
e11,English,12,tp1,reach,0,0,0,0,no,456
e11,English,12,tp1,point,0,0,0,0,no,455
e11,English,12,tp1,ho_gv,1,1,0,0,no,454
e11,English,12,tp2,reach,0,0,0,0,no,459
e11,English,12,tp2,point,0,0,0,0,no,458
e11,English,12,tp2,ho_gv,1,1,0,0,no,457
e12,English,10,five,reach,0,0,0,0,no,462
e12,English,10,five,point,0,0,0,0,no,461
e12,English,10,five,ho_gv,0,0,0,0,no,460
e12,English,10,tp1,reach,0,0,0,0,no,465
e12,English,10,tp1,point,0,0,0,0,no,464
e12,English,10,tp1,ho_gv,0,0,0,0,no,463
e12,English,10,tp2,reach,0,0,0,0,no,468
e12,English,10,tp2,point,0,0,0,0,no,467
e12,English,10,tp2,ho_gv,0,0,0,0,no,466
e12,English,11,five,reach,0,0,0,0,no,462
e12,English,11,five,point,0,0,0,0,no,461
e12,English,11,five,ho_gv,1,1,0,0,no,460
e12,English,11,tp1,reach,0,0,0,0,no,465
e12,English,11,tp1,point,0,0,0,0,no,464
e12,English,11,tp1,ho_gv,8,8,1,1,no,463
e12,English,11,tp2,reach,0,0,0,0,no,468
e12,English,11,tp2,point,0,0,0,0,no,467
e12,English,11,tp2,ho_gv,1,1,1,1,no,466
e12,English,12,five,reach,3,3,2,2,no,462
e12,English,12,five,point,0,0,0,0,no,461
e12,English,12,five,ho_gv,0,0,0,0,no,460
e12,English,12,tp1,reach,0,0,0,0,no,465
e12,English,12,tp1,point,0,0,0,0,no,464
e12,English,12,tp1,ho_gv,3,3,0,0,no,463
e12,English,12,tp2,reach,0,0,0,0,no,468
e12,English,12,tp2,point,0,0,0,0,no,467
e12,English,12,tp2,ho_gv,0,0,0,0,no,466
e13,English,10,five,reach,0,0,0,0,no,471
e13,English,10,five,point,0,0,0,0,no,470
e13,English,10,five,ho_gv,0,0,0,0,no,469
e13,English,10,tp1,reach,0,0,0,0,no,474
e13,English,10,tp1,point,0,0,0,0,no,473
e13,English,10,tp1,ho_gv,1,1,0,0,no,472
e13,English,10,tp2,reach,0,0,0,0,no,477
e13,English,10,tp2,point,0,0,0,0,no,476
e13,English,10,tp2,ho_gv,0,0,0,0,no,475
e13,English,11,five,reach,5,5,3,3,no,471
e13,English,11,five,point,0,0,0,0,no,470
e13,English,11,five,ho_gv,0,0,0,0,no,469
e13,English,11,tp1,reach,0,0,0,0,no,474
e13,English,11,tp1,point,0,0,0,0,no,473
e13,English,11,tp1,ho_gv,0,0,0,0,no,472
e13,English,11,tp2,reach,0,0,0,0,no,477
e13,English,11,tp2,point,0,0,0,0,no,476
e13,English,11,tp2,ho_gv,0,0,0,0,no,475
e13,English,12,five,reach,1,1,1,1,no,471
e13,English,12,five,point,0,0,0,0,no,470
e13,English,12,five,ho_gv,0,0,0,0,no,469
e13,English,12,tp1,reach,0,0,0,0,no,474
e13,English,12,tp1,point,0,0,0,0,no,473
e13,English,12,tp1,ho_gv,0,0,0,0,no,472
e13,English,12,tp2,reach,0,0,0,0,no,477
e13,English,12,tp2,point,0,0,0,0,no,476
e13,English,12,tp2,ho_gv,0,0,0,0,no,475
e14,English,10,five,reach,1,1,0,0,no,480
e14,English,10,five,point,0,0,0,0,no,479
e14,English,10,five,ho_gv,0,0,0,0,no,478
e14,English,10,tp1,reach,0,0,0,0,yes,483
e14,English,10,tp1,point,0,0,0,0,yes,482
e14,English,10,tp1,ho_gv,1,1,0,0,yes,481
e14,English,10,tp2,reach,0,0,0,0,no,486
e14,English,10,tp2,point,0,0,0,0,no,485
e14,English,10,tp2,ho_gv,0,0,0,0,no,484
e14,English,11,five,reach,4,4,1,1,no,480
e14,English,11,five,point,3,3,3,3,no,479
e14,English,11,five,ho_gv,0,0,0,0,no,478
e14,English,11,tp1,reach,0,0,0,0,no,483
e14,English,11,tp1,point,0,0,0,0,no,482
e14,English,11,tp1,ho_gv,2,2,0,0,no,481
e14,English,11,tp2,reach,0,0,0,0,no,486
e14,English,11,tp2,point,0,0,0,0,no,485
e14,English,11,tp2,ho_gv,0,0,0,0,no,484
e14,English,12,five,reach,8,10,1,1,yes,480
e14,English,12,five,point,1,1,0,0,yes,479
e14,English,12,five,ho_gv,0,0,0,0,yes,478
e14,English,12,tp1,reach,0,0,0,0,no,483
e14,English,12,tp1,point,0,0,0,0,no,482
e14,English,12,tp1,ho_gv,6,6,0,0,no,481
e14,English,12,tp2,reach,0,0,0,0,no,486
e14,English,12,tp2,point,0,0,0,0,no,485
e14,English,12,tp2,ho_gv,2,2,0,0,no,484
e15,English,10,five,reach,1,1,0,0,no,489
e15,English,10,five,point,0,0,0,0,no,488
e15,English,10,five,ho_gv,0,0,0,0,no,487
e15,English,10,tp1,reach,0,0,0,0,no,492
e15,English,10,tp1,point,0,0,0,0,no,491
e15,English,10,tp1,ho_gv,0,0,0,0,no,490
e15,English,10,tp2,reach,0,0,0,0,no,495
e15,English,10,tp2,point,0,0,0,0,no,494
e15,English,10,tp2,ho_gv,1,1,0,0,no,493
e15,English,11,five,reach,1,1,1,1,no,489
e15,English,11,five,point,0,0,0,0,no,488
e15,English,11,five,ho_gv,0,0,0,0,no,487
e15,English,11,tp1,reach,0,0,0,0,no,492
e15,English,11,tp1,point,0,0,0,0,no,491
e15,English,11,tp1,ho_gv,0,0,0,0,no,490
e15,English,11,tp2,reach,0,0,0,0,no,495
e15,English,11,tp2,point,0,0,0,0,no,494
e15,English,11,tp2,ho_gv,0,0,0,0,no,493
e15,English,12,five,reach,3,3,1,1,no,489
e15,English,12,five,point,1,1,1,1,no,488
e15,English,12,five,ho_gv,0,0,0,0,no,487
e15,English,12,tp1,reach,0,0,0,0,no,492
e15,English,12,tp1,point,0,0,0,0,no,491
e15,English,12,tp1,ho_gv,0,0,0,0,no,490
e15,English,12,tp2,reach,0,0,0,0,no,495
e15,English,12,tp2,point,0,0,0,0,no,494
e15,English,12,tp2,ho_gv,1,1,0,0,no,493
e16,English,10,five,reach,0,0,0,0,no,498
e16,English,10,five,point,12,12,0,0,no,497
e16,English,10,five,ho_gv,0,0,0,0,no,496
e16,English,10,tp1,reach,0,0,0,0,no,501
e16,English,10,tp1,point,0,0,0,0,no,500
e16,English,10,tp1,ho_gv,0,0,0,0,no,499
e16,English,10,tp2,reach,0,0,0,0,no,504
e16,English,10,tp2,point,3,3,1,1,no,503
e16,English,10,tp2,ho_gv,8,8,4,4,no,502
e16,English,11,five,reach,11,11,1,1,no,498
e16,English,11,five,point,17,17,4,4,no,497
e16,English,11,five,ho_gv,0,0,0,0,no,496
e16,English,11,tp1,reach,0,0,0,0,no,501
e16,English,11,tp1,point,0,0,0,0,no,500
e16,English,11,tp1,ho_gv,4,4,1,1,no,499
e16,English,11,tp2,reach,0,0,0,0,no,504
e16,English,11,tp2,point,0,0,0,0,no,503
e16,English,11,tp2,ho_gv,1,1,0,0,no,502
e16,English,12,five,reach,1,1,0,0,no,498
e16,English,12,five,point,10,10,2,2,no,497
e16,English,12,five,ho_gv,0,0,0,0,no,496
e16,English,12,tp1,reach,1,1,0,0,no,501
e16,English,12,tp1,point,7,7,5,5,no,500
e16,English,12,tp1,ho_gv,11,11,3,3,no,499
e16,English,12,tp2,reach,1,1,0,0,no,504
e16,English,12,tp2,point,2,2,1,1,no,503
e16,English,12,tp2,ho_gv,1,1,1,1,no,502
e17,English,10,five,reach,0,0,0,0,no,507
e17,English,10,five,point,8,8,2,2,no,506
e17,English,10,five,ho_gv,0,0,0,0,no,505
e17,English,10,tp1,reach,0,0,0,0,no,510
e17,English,10,tp1,point,0,0,0,0,no,509
e17,English,10,tp1,ho_gv,0,0,0,0,no,508
e17,English,10,tp2,reach,0,0,0,0,no,513
e17,English,10,tp2,point,0,0,0,0,no,512
e17,English,10,tp2,ho_gv,0,0,0,0,no,511
e17,English,11,five,reach,1,1,1,1,no,507
e17,English,11,five,point,6,6,4,4,no,506
e17,English,11,five,ho_gv,0,0,0,0,no,505
e17,English,11,tp1,reach,0,0,0,0,no,510
e17,English,11,tp1,point,0,0,0,0,no,509
e17,English,11,tp1,ho_gv,4,4,0,0,no,508
e17,English,11,tp2,reach,0,0,0,0,no,513
e17,English,11,tp2,point,0,0,0,0,no,512
e17,English,11,tp2,ho_gv,3,3,1,1,no,511
e17,English,12,five,reach,0,0,0,0,no,507
e17,English,12,five,point,3,3,2,2,no,506
e17,English,12,five,ho_gv,0,0,0,0,no,505
e17,English,12,tp1,reach,0,0,0,0,no,510
e17,English,12,tp1,point,0,0,0,0,no,509
e17,English,12,tp1,ho_gv,0,0,0,0,no,508
e17,English,12,tp2,reach,0,0,0,0,no,513
e17,English,12,tp2,point,1,1,0,0,no,512
e17,English,12,tp2,ho_gv,0,0,0,0,no,511
e18,English,10,five,reach,3,3,0,0,no,516
e18,English,10,five,point,0,0,0,0,no,515
e18,English,10,five,ho_gv,0,0,0,0,no,514
e18,English,10,tp1,reach,0,0,0,0,no,519
e18,English,10,tp1,point,0,0,0,0,no,518
e18,English,10,tp1,ho_gv,0,0,0,0,no,517
e18,English,10,tp2,reach,0,0,0,0,no,522
e18,English,10,tp2,point,0,0,0,0,no,521
e18,English,10,tp2,ho_gv,0,0,0,0,no,520
e18,English,11,five,reach,0,0,0,0,no,516
e18,English,11,five,point,0,0,0,0,no,515
e18,English,11,five,ho_gv,0,0,0,0,no,514
e18,English,11,tp1,reach,0,0,0,0,no,519
e18,English,11,tp1,point,0,0,0,0,no,518
e18,English,11,tp1,ho_gv,1,1,0,0,no,517
e18,English,11,tp2,reach,0,0,0,0,no,522
e18,English,11,tp2,point,0,0,0,0,no,521
e18,English,11,tp2,ho_gv,0,0,0,0,no,520
e18,English,12,five,reach,1,1,1,1,no,516
e18,English,12,five,point,0,0,0,0,no,515
e18,English,12,five,ho_gv,0,0,0,0,no,514
e18,English,12,tp1,reach,0,0,0,0,no,519
e18,English,12,tp1,point,0,0,0,0,no,518
e18,English,12,tp1,ho_gv,5,5,0,0,no,517
e18,English,12,tp2,reach,0,0,0,0,no,522
e18,English,12,tp2,point,0,0,0,0,no,521
e18,English,12,tp2,ho_gv,1,1,0,0,no,520
e19,English,10,five,reach,0,0,0,0,no,525
e19,English,10,five,point,0,0,0,0,no,524
e19,English,10,five,ho_gv,0,0,0,0,no,523
e19,English,10,tp1,reach,0,0,0,0,no,528
e19,English,10,tp1,point,0,0,0,0,no,527
e19,English,10,tp1,ho_gv,0,0,0,0,no,526
e19,English,10,tp2,reach,0,0,0,0,no,531
e19,English,10,tp2,point,0,0,0,0,no,530
e19,English,10,tp2,ho_gv,0,0,0,0,no,529
e19,English,11,five,reach,0,0,0,0,no,525
e19,English,11,five,point,1,1,1,1,no,524
e19,English,11,five,ho_gv,0,0,0,0,no,523
e19,English,11,tp1,reach,0,0,0,0,no,528
e19,English,11,tp1,point,1,1,0,0,no,527
e19,English,11,tp1,ho_gv,2,2,0,0,no,526
e19,English,11,tp2,reach,0,0,0,0,no,531
e19,English,11,tp2,point,0,0,0,0,no,530
e19,English,11,tp2,ho_gv,0,0,0,0,no,529
e19,English,12,five,reach,NA,NA,NA,NA,no,525
e19,English,12,five,point,NA,NA,NA,NA,no,524
e19,English,12,five,ho_gv,NA,NA,NA,NA,no,523
e19,English,12,tp1,reach,NA,NA,NA,NA,no,528
e19,English,12,tp1,point,NA,NA,NA,NA,no,527
e19,English,12,tp1,ho_gv,NA,NA,NA,NA,no,526
e19,English,12,tp2,reach,NA,NA,NA,NA,no,531
e19,English,12,tp2,point,NA,NA,NA,NA,no,530
e19,English,12,tp2,ho_gv,NA,NA,NA,NA,no,529
e20,English,10,five,reach,0,0,0,0,no,534
e20,English,10,five,point,0,0,0,0,no,533
e20,English,10,five,ho_gv,0,0,0,0,no,532
e20,English,10,tp1,reach,0,0,0,0,no,537
e20,English,10,tp1,point,0,0,0,0,no,536
e20,English,10,tp1,ho_gv,0,0,0,0,no,535
e20,English,10,tp2,reach,0,0,0,0,no,540
e20,English,10,tp2,point,0,0,0,0,no,539
e20,English,10,tp2,ho_gv,0,0,0,0,no,538
e20,English,11,five,reach,0,0,0,0,no,534
e20,English,11,five,point,0,0,0,0,no,533
e20,English,11,five,ho_gv,0,0,0,0,no,532
e20,English,11,tp1,reach,0,0,0,0,no,537
e20,English,11,tp1,point,0,0,0,0,no,536
e20,English,11,tp1,ho_gv,2,2,0,0,no,535
e20,English,11,tp2,reach,0,0,0,0,no,540
e20,English,11,tp2,point,0,0,0,0,no,539
e20,English,11,tp2,ho_gv,0,0,0,0,no,538
e20,English,12,five,reach,0,0,0,0,no,534
e20,English,12,five,point,0,0,0,0,no,533
e20,English,12,five,ho_gv,0,0,0,0,no,532
e20,English,12,tp1,reach,0,0,0,0,no,537
e20,English,12,tp1,point,0,0,0,0,no,536
e20,English,12,tp1,ho_gv,0,0,0,0,no,535
e20,English,12,tp2,reach,0,0,0,0,no,540
e20,English,12,tp2,point,0,0,0,0,no,539
e20,English,12,tp2,ho_gv,1,1,1,1,no,538
